Part Name;Part Type;Description;Par class;Reference designator Prefix;Number Of pins;Maximun Height;Standoof Height;Value;Device type;Part Number;Manufacturer;manufacturer part Number;Vendor;Dielectrique;vendor reference;Source alternative;2nd source P/N;2nd source Manufacturer;3nd source P/N;3nd source Manufacturer;4nd source P/N;4nd source Manufacturer;tolerance;wattage;fréquency;PPM;Voltage Rating;current Rating;Maximum operating temperature;Minimum operating temperature;Package type;Dimenssions;terminal pitch;mounting type;gender;Empreinte PCB;Empreinte Schématique;Modèle Simulation
A4984SESTR-T;General;"MOTOR DRIVER, STEPPER, 2A, QFN-24, FULL REEL; Motor Type:Stepper; No. of Outputs:2Outputs; Output Current:2A; Output Voltage:35V; Driver Case Style:QFN; No. of Pins:24Pins; Supply Voltage Min:3V; Supply Voltage Max:5.5V; MSL:- RoHS Compliant: Yes";IC, photon-coupled isolator;U;25;;;;Passive;;;;;;;;;;;;;;;;;;;;;;None;;;;;;lib/symbole/ic.json;
ADA_LU2735M0010;General;Inductive rotation sensing ASIC;Integrated Circuit;U;25;;;;Active;LU2735M0010;GF Micro / Global Foundries;xx;xx;xx;xx;;;;;;;;xx;xx;xx;xx;3V;xx;85;-20;QFN-24;4mm*4mm;0.5mm;xx;xx;lib/empreinte/QFN-24.json;lib/symbole/ic.json;
AMPOULE_REED_SMD;General;Overmolded Reed Switch SMD - Reflow;Switch;SW;2;2.29000;0.00000;REED;Passive;59170-1-S-00-D;LITTELFUSE INC;59170-1-S-00-D;xx;xx;xx;Mk16-B-2_Meder electronic ;Mk16-B-2;Meder electronic ;;;;;xx;xx;xx;;xx;xx;xx;xx;xx;xx;xx;xx;xx;;lib/symbole/switch.json;
AMPOULE_REED_SMD_59170-1-U-00-D;General;Overmolded Reed Switch SMD - Reflow;Switch;SW;2;2.29000;0.00000;REED;Passive;59170-1-U-00-D;LITTELFUSE INC;59170-1-U-00-D;xx;xx;xx;;;;;;;;xx;xx;xx;;xx;xx;xx;xx;xx;xx;xx;xx;xx;;lib/symbole/switch.json;
AMPOULE_REED_SMD_CT05-3050-G1;General;Overmolded Reed Switch SMD - Reflow;Switch;SW;2;2.29000;0.00000;REED;Passive;CT05-3050-G1;COTO;CT05-3050-G1;xx;xx;xx;;;;;;;;xx;xx;xx;;xx;xx;xx;xx;xx;xx;xx;xx;xx;;lib/symbole/switch.json;
AMPOULE_REED_SMD_CT05-3050-J1;General;Overmolded Reed Switch SMD - Reflow;Switch;SW;2;2.31000;0.08000;REED;Passive;CT05-3050-J1;COTO;CT05-3050-J1;xx;xx;xx;;;;;;;;xx;xx;xx;;xx;xx;xx;xx;xx;xx;xx;xx;xx;;lib/symbole/switch.json;
AMPOULE_REED_SMD_MDSM-4B-32-38;General;Glass Reed Switches SMD - Reflow;Switch;SW;2;2.84000;0.00000;REED;Passive;MDSM-4B-32-38;LITTELFUSE INC;MDSM-4B-32-38;xx;xx;xx;MLSM-4R-32-38_LittelFuse;MLSM-4R-32-38;LittelFuse;;;;;xx;xx;xx;xx;xx;xx;xx;xx;xx;;;;;;lib/symbole/switch.json;
AMPOULE_REED_SMD_MDSM-4R-12-18;General;MDSM-4R-12-18 - REED SW, SPST-NO, 0.5A, 200VDC - SMD;Switch;SW;2;2.84000;0.00000;REED;Passive;;LITTELFUSE INC;MDSM-4R-12-18;xx;xx;xx;;;;;;;;xx;xx;xx;;xx;xx;xx;xx;xx;xx;xx;xx;xx;;lib/symbole/switch.json;
AMPOULE_REED_SMD_PMC-0701TH;General;Overmolded Reed Switch SMD - Reflow;Switch;SW;2;2.50000;0.10000;REED;Passive;PMC-0701TH1520;PIC;PMC-0701TH1520;xx;xx;xx;;;;;;;;xx;xx;xx;;xx;xx;xx;xx;xx;xx;xx;xx;xx;;lib/symbole/switch.json;
AMPOULE_REED_SMD_PMC-0701TS;General;Glass Reed Switch - SMD - Reflow;Switch;SW;2;2.30000;0.00000;REED;Passive;PMC-0701TS1520;PIC;PMC-0701TS1520;xx;xx;xx;;;;;;;;xx;xx;xx;;xx;xx;xx;xx;xx;xx;xx;xx;xx;;lib/symbole/switch.json;
ANTENNA_NFC_HONEYWELL;General;Antenna PCB NFC 13.56MHz, Circle 15mm;Antenna;A;2;;;;Passive;xx;Birdz;xx;xx;xx;xx;;;;;;;;xx;xx;13.56MHz;xx;xx;xx;xx;xx;xx;xx;xx;xx;;;lib/symbole/antenna.json;
ANTENNE_2JE03_868;General;Antenna UHF 868MHz - SMD;Antenna;A;2;4.40000;0.00000;868MHz;Passive;2je03;2J ANTENNAS;2je03;xx;xx;xx;;;;;;;;xx;xx;868MHz;xx;xx;xx;xx;xx;xx;xx;xx;;;;lib/symbole/antenna.json;
ANTENNE_2JE41_868;General;Antenna UHF 868MHz - SMD;Antenna;A;1;1.60000;0.00000;868MHz;Passive;2JE41;2J ANTENNAS;GC-E41;xx;xx;xx;;;;;;;;xx;xx;868MHz;xx;xx;xx;xx;xx;xx;xx;xx;;;;lib/symbole/antenna.json;
ANTENNE_2450AT18D0100E_2.4GHz;General;Antenna UHF 2.4GHz - SMD;Antenna;A;4;1.30000;0.00000;2.4GHZ;Passive;2450AT18D0100E;Johanson Technology;2450AT18D0100E;xx;xx;xx;;;;;;;;xx;xx;2.4GHz;xx;xx;xx;xx;xx;xx;xx;xx;xx;xx;;lib/symbole/antenna.json;
ANTENNE_ADA;General;Antenne 868MHz - Trav;Antenna;A;1;0.10000;0.00000;;Passive;;BIRDZ;xx;xx;xx;xx;;;;;;;;xx;xx;;xx;xx;xx;xx;xx;xx;xx;xx;xx;xx;;lib/symbole/antenna.json;
ANTENNE_BL;General;Antenne Bluetooth - Trav;Antenna;A;1;0.10000;0.00000;;Passive;;BIRDZ;xx;xx;xx;xx;;;;;;;;xx;xx;;xx;xx;xx;xx;xx;xx;xx;xx;xx;xx;;lib/symbole/antenna.json;
ANTENNE_HESM_868;General;868MHz ISM, LPWA Helical RF Antenna 862MHz ~ 876MHz 5.6dBi - TRAV;Antenna;A;1;8.90000;0.00000;868MHz;Passive;ANT-868-HESM;Linx Tech;;;;;;;;;;;;;;;;;;;;;;;;;;lib/symbole/antenna.json;
ANTENNE_NFC_2_LAYER_SQUARE_20MM;General;Antenna PCB NFC 13.56MHz, 2 Layers 20mm;Antenna;A;2;;;6.92uH;Passive;xx;Birdz;xx;xx;xx;xx;;;;;;;;xx;xx;13.56MHz;xx;xx;xx;xx;xx;xx;xx;xx;;;;lib/symbole/antenna.json;
ANTENNE_NFC_CIRCLE_15MM;General;Antenna PCB NFC 13.56MHz, Circle 15mm;Antenna;A;2;;;665nH;Passive;xx;Birdz;xx;xx;xx;xx;;;;;;;;xx;xx;13.56MHz;xx;xx;xx;xx;xx;xx;xx;xx;xx;;;lib/symbole/antenna.json;
ANTENNE_NFC_CIRCLE_15MM_V2;General;Antenna PCB NFC 13.56MHz, Circle 15mm;Antenna;A;2;;;665nH;Passive;xx;Birdz;xx;xx;xx;xx;;;;;;;;xx;xx;13.56MHz;xx;xx;xx;xx;xx;xx;xx;xx;xx;;;lib/symbole/antenna.json;
ANTENNE_NFC_SQUARE_25X20MM;General;Antenna PCB NFC 13.56MHz, Square 25x20mm;Antenna;A;2;;;2.01uH;Passive;xx;Birdz;xx;xx;xx;xx;;;;;;;;xx;xx;13.56MHz;xx;xx;xx;xx;xx;xx;xx;xx;xx;xx;;lib/symbole/antenna.json;
ANTENNE_NFC_SQUARE_54X27MM;General;Antenna PCB NFC 13.56MHz, Square 54x27mm;Antenna;A;2;;;2.56uH;Passive;xx;Birdz;xx;xx;xx;xx;;;;;;;;xx;xx;13.56MHz;xx;xx;xx;xx;xx;xx;xx;xx;xx;xx;;lib/symbole/antenna.json;
ANTENNE_PCB_Helicale_868;General;Antenna PCB UHF 868MHz - P01x280;Antenna;A;1;;;868MHZ;Active;;Birdz;;;;;;;;;;;;;;868MHz;;;;;;;;;;;;lib/symbole/antenna.json;
ANTENNE_PCB_Helicale_868_Bot;General;Antenna PCB UHF 868MHz - P01x280;Antenna;A;1;;;868MHZ;Active;;Birdz;;;;;;;;;;;;;;868MHz;;;;;;;;;;;;lib/symbole/antenna.json;
ANTENNE_PCB_Helicale_868_P01x280;General;Antenna PCB UHF 868MHz - P01x280;Antenna;A;1;;;868MHZ;Active;;Birdz;;;;;;;;;;;;;;868MHz;;;;;;;;;;;;lib/symbole/antenna.json;
ANTENNE_PCB_IFA_868;General;Antenne PCB 868MHz ;Antenna;A;2;0.00000;0.00000;868MHZ;Passive;xx;Birdz;xx;xx;xx;;;;;;;;;xx;xx;868MHz;xx;xx;xx;xx;xx;xx;xx;xx;;;;lib/symbole/antenna.json;
ANTENNE_PCB_IFA_868_Top;General;Antenne PCB 868MHz ;Antenna;A;2;0.00000;0.00000;868MHZ;Passive;xx;Birdz;xx;xx;xx;;;;;;;;;xx;xx;868MHz;xx;xx;xx;xx;xx;xx;xx;xx;;;;lib/symbole/antenna.json;
ANTENNE_PCB_PIFA_868_P01x280;General;Antenna PCB UHF 868MHz - P01x280;Antenna;A;2;;;868MHZ;Active;;Birdz;;;;;;;;;;;;;;868MHz;;;;;;;;;;;;lib/symbole/antenna.json;
ANTENNE_PCB_PIFA_xxXxxMM;General;Antenna PCB UHF 868MHz - P01x271;Antenna;A;2;0.00000;0.00000;868MHz;Passive;xx;Birdz;xx;xx;xx;xx;;;;;;;;xx;xx;868MHz;xx;xx;xx;xx;xx;xx;xx;xx;;;;lib/symbole/antenna.json;
ANTENNE_PI_868;General;Antenna 868MHz, P03x005-B;Antenna;A;1;30.00000;0.00000;868MHz;Passive;P03x005-B;Birdz;xx;xx;xx;xx;;;;;;;;xx;xx;868MHz;xx;xx;xx;xx;xx;xx;xx;xx;xx;xx;;lib/symbole/antenna.json;
ANTENNE_SAPPEL_868;General;Antenna 868MHz, P02x329 14/03/07 RevA;Antenna;A;1;34.00000;0.00000;868MHz;Passive;P02x329-A;Birdz;xx;xx;xx;xx;;;;;;;;xx;xx;868MHz;xx;xx;xx;xx;xx;xx;xx;xx;xx;xx;;lib/symbole/antenna.json;
AOP_LMC7215IM5;General;CMOS Comparators - SMD;AOP;U;5;1.45000;0.00000;;Active;LMC7215IM5;TEXAS INSTRUMENTS;LMC7215IM5;xx;xx;xx;;;;;;;;xx;xx;xx;xx;xx;xx;xx;xx;xx;xx;xx;;;;lib/symbole/ic.json;
AOP_OPA363AIDBVT;General;1.8V, High CMR, RRIO Op Amp with Shutdown - SMD;AOP;U;6;1.45000;0.00000;OPA363;Active;OPA363AIDBVT;Texas Instruments;OPA363AIDBVT;;;;;;;;;;;;;;;;;;;;;;;;;lib/symbole/ic.json;
AOP_OPA369AIDCKT;General;1.8V, 700nA, Zero-Crossover Rail-To-Rail I/O Operational Amplifier - SMD;AOP;U;5;1.10000;0.00000;OPA369;Active;OPA369AIDCKT;Texas Instruments;OPA369AIDCK;xx;xx;xx;MAX4470EXK_MAXIM;MAX4470EXK;MAXIM;;;;;xx;247mW;xx;xx;1.8V-5.5V;xx;xx;xx;SC70-5;xx;;;;lib/empreinte/SC-70.json;lib/symbole/opamp.json;lib/simulation/opamp_ideal.sub
BATT-SAFT-LM17500_2PF;General;Lithium Battery (LI-MnO2)  A Size - 3,3 Ah - 2PF finish version;Power;BATT;2;19.00000;2.00000;3V;Passive;LM17500-2PF;SAFT;0095-752-019;xx;xx;xx;;;;;;;;xx;xx;xx;;3V;xx;xx;xx;xx;xx;xx;xx;xx;;lib/symbole/battery.json;
BATT-SAFT-LS17500_2PF;General;Lithium Battery (LI-SOCI2)  A Size - 3,6 Ah - 2PF finish version;Power;BATT;2;19.00000;2.00000;3.6V;Passive;LS17500-2PF;SAFT;PCL00132;xx;xx;xx;05809T_;05809T;;;;;;xx;xx;xx;;3.6V;xx;xx;xx;xx;xx;xx;xx;xx;;lib/symbole/battery.json;
BATT-SAFT-LS17500_3PF_RP;General;Lithium Battery (LI-SOCI2)  A Size - 3,6 Ah - 3PF RP finish version;Power;BATT;3;19.00000;2.00000;3.6V;Active;LS17500-3PF-RP;SAFT;C10-0187;xx;xx;xx;05780N_;05780N;;;;;;xx;xx;xx;;3.6V;xx;xx;xx;xx;xx;xx;xx;xx;;lib/symbole/battery.json;
BATT-SAFT-LS17500_CNA_SENSUS;General;Lithium  Battery (LI-SOCI2)  A Size - 3,6 Ah - CNA finish version;Power;BATT;2;22.00000;5.00000;3.6V;Active;LS17500-CNA;SAFT;xx;xx;xx;xx;;;;;;;;xx;xx;xx;xx;3.6V;xx;xx;xx;xx;xx;xx;xx;xx;;lib/symbole/battery.json;
BATT-SAFT-LS26500_3PF_RP;General;Lithium Battery (LI-SOCI2)  C Size - 7.7 Ah - 3PF RP finish version;Power;BATT;3;26.00000;2.00000;3.6V;Active;LS26500-3PF-RP;SAFT;;xx;xx;xx;;;;;;;;xx;xx;xx;;3.6V;xx;xx;xx;xx;xx;xx;xx;xx;;lib/symbole/battery.json;
BATT-SAFT-LS33600_3PF;General;Lithium Battery (LI-COCI2) D Size - 17Ah -3PF RP finish version ;BATT;BATT;3;;;;Active;LS33600_3PF;SAFT;;xx;xx;xx;;;;;;;;xx;xx;xx;xx;3.6V;xx;xx;xx;xx;xx;xx;xx;xx;;lib/symbole/battery.json;
BATT-SAFT-LS33600_CNA;General;Lithium  Battery (LI-SOCI2)  D Size - 17 Ah - CNA finish version;Power;BATT;2;38.00000;5.00000;3.6V;Active;LS33600_CNA;SAFT;04234H;xx;xx;xx;;;;;;;;xx;xx;xx;xx;3.6V;xx;xx;xx;xx;xx;xx;xx;xx;;lib/symbole/battery.json;
C0201_1.5pF_COG_MURATA;General;Ceramic Capacitor - CMS Type 0201 - Reflow;Capacitor;C;2;0.33000;0.00000;1.5pF;Passive;GRM0335C1H1R5CA01D;MURATA;xx;xx;COG;xx;UMK063CG1R5CTHF_TAIYO_YUDEN;UMK063CG1R5CTHF_TAIYO_YUDEN;;;;;;+/-0.25pF;xx;xx;xx;50V;xx;xx;xx;0201C;xx;xx;xx;xx;lib/empreinte/0201.json;lib/symbole/capacitor.json;lib/simulation/GRM0335C1H1R5CA01.sub
C0201_1.6pF_COG_50V;General;Ceramic Capacitor - CMS Type 0201 - Reflow;Capacitor;C;2;0.33000;0.00000;1.6pF;Passive;GRM0335C1H1R6CA01D;MURATA;xx;xx;COG;xx;UMK063CG1R6CTHF_TAIYO_YUDEN;UMK063CG1R6CTHF_TAIYO_YUDEN;;;;;;+/-0.25pF;xx;xx;;50V;xx;xx;xx;0201C;xx;xx;xx;xx;lib/empreinte/0201.json;lib/symbole/capacitor.json;lib/simulation/GRM0335C1H1R6CA01.sub
C0201_1.8pF_COG_25V_AUTO_MU;General;Ceramic Capacitor for Automotive - CMS Type 0201 - Reflow;Capacitor;C;2;0.50000;0.00000;1.8pF;Passive;GCM0335C1E1R8CD03;MURATA;xx;xx;COG;xx;;;;;;;;+/-5%;xx;xx;;25V;xx;xx;xx;0201C;xx;xx;xx;xx;lib/empreinte/0201.json;lib/symbole/capacitor.json;lib/simulation/GCM0335C1E1R8CA16.sub
C0201_1nF_X7R_25V_AUTO_MU;General;Ceramic Capacitor for Automotive - CMS Type 0201 - Reflow;Capacitor;C;2;0.50000;0.00000;1nF;Passive;GCM033R71E102KA03#;MURATA;xx;xx;X7R;xx;;;;;;;;+/-10%;xx;xx;;25V;xx;xx;xx;0201C;xx;xx;xx;xx;lib/empreinte/0201.json;lib/symbole/capacitor.json;lib/simulation/GCM033R71E102KA03.sub
C0201_1pF_COG_25V_MU;General;Ceramic Capacitor - CMS Type 0201 - Reflow;Capacitor;C;2;0.50000;0.00000;1pF;Passive;GJM0335C1E1R0WB01D;MURATA;xx;xx;COG;xx;;;;;;;;+/-0.05pF;xx;xx;;25V;xx;xx;xx;0201C;xx;xx;xx;xx;lib/empreinte/0201.json;lib/symbole/capacitor.json;lib/simulation/capacitor.sub
C0201_1uF_X5R_16V_MU;General;Ceramic Capacitor - CMS Type 0201 - Reflow;Capacitor;C;2;0.50000;0.00000;1uF;Passive;GRM033R61C105ME15D;MURATA;xx;xx;X5R;xx;885012104007_Wurth;885012104007_Wurth;;;;;;+/-20%;xx;xx;;16V;xx;xx;xx;0201C;xx;xx;xx;xx;lib/empreinte/0201.json;lib/symbole/capacitor.json;lib/simulation/GRM022R60G105ME01.sub
C0201_2.9pF_COG_MURATA;General;Ceramic Capacitor - CMS Type 0201 - Reflow;Capacitor;C;2;0.33000;0.00000;2.9pF;Passive;GRM0335C1H2R9CA01D;MURATA;xx;xx;COG;xx;MMASU063SCG2R9CFNA01_TAIYO_YUDEN;MMASU063SCG2R9CFNA01_TAIYO_YUDEN;;;;;;+/-0.25pF;xx;xx;xx;50V;xx;xx;xx;0201C;xx;xx;xx;xx;lib/empreinte/0201.json;lib/symbole/capacitor.json;lib/simulation/GRM0335C1H2R9CA01.sub
C0201_3.3pF_COG_25V_AUTO_MU;General;Ceramic Capacitor for Automotive - CMS Type 0201 - Reflow;Capacitor;C;2;0.50000;0.00000;3.3pF;Passive;GCM0335C1E3R3BD03;MURATA;xx;xx;COG;xx;;;;;;;;+/-5%;xx;xx;;25V;xx;xx;xx;0201C;xx;xx;xx;xx;lib/empreinte/0201.json;lib/symbole/capacitor.json;lib/simulation/GCM0335C1E3R3CA16.sub
C0201_3pF_COG_25V_AUTO_TDK;General;Ceramic Capacitor for Automotive - CMS Type 0201 - Reflow;Capacitor;C;2;0.50000;0.00000;3pF;Passive;CGA1A2C0G1E030C030BA;TDK;xx;xx;COG;xx;;;;;;;;+/-0.25pF;xx;xx;;25V;xx;xx;xx;0201C;xx;xx;xx;xx;lib/empreinte/0201.json;lib/symbole/capacitor.json;lib/simulation/capacitor.sub
C0201_6.8pF_COG_25V_AUTO_MU;General;Ceramic Capacitor for Automotive - CMS Type 0201 - Reflow;Capacitor;C;2;0.50000;0.00000;6.8pF;Passive;GCM0335C1E6R8DD03;MURATA;xx;xx;COG;xx;;;;;;;;+/-0.5pF;xx;xx;;25V;xx;xx;xx;0201C;xx;xx;xx;xx;lib/empreinte/0201.json;lib/symbole/capacitor.json;lib/simulation/GCM0335C1E6R8CA16.sub
C0201_10nF_COG_25V_AUTO_YAGEO;General;Ceramic Capacitor for Automotive - CMS Type 0201 - Reflow;Capacitor;C;2;0.50000;0.00000;10nF;Passive;AC0201KRX7R8BB103;YAGEO;xx;xx;X7R;xx;;;;;;;;+/-10%;xx;xx;;25V;xx;xx;xx;0201C;xx;xx;xx;xx;lib/empreinte/0201.json;lib/symbole/capacitor.json;lib/simulation/capacitor.sub
C0201_10pF_COG_25V_AVX;General;Ceramic Capacitor - CMS Type 0201 - Reflow;Capacitor;C;2;0.50000;0.00000;10pF;Passive;02013A100KAT2A;AVX;xx;xx;COG;xx;;;;;;;;+/-10%;xx;xx;;25V;xx;xx;xx;0201C;xx;xx;xx;xx;lib/empreinte/0201.json;lib/symbole/capacitor.json;lib/simulation/capacitor.sub
C0201_12pF_COG_25V_AUTO_MU;General;Ceramic Capacitor for Automotive - CMS Type 0201 - Reflow;Capacitor;C;2;0.50000;0.00000;12pF;Passive;GCM0335C1E120JD03;MURATA;xx;xx;COG;xx;;;;;;;;xx;xx;xx;;25V;xx;xx;xx;0201C;xx;xx;xx;xx;lib/empreinte/0201.json;lib/symbole/capacitor.json;lib/simulation/GCM0335C1E120FA16.sub
C0201_18pF_COG_25V_MU;General;Ceramic Capacitor for Automotive - CMS Type 0201 - Reflow;Capacitor;C;2;0.50000;0.00000;18pF;Passive;GJM0335C1E180GB01D;MURATA;xx;xx;COG;xx;250R05L180GV4T_JOHANSON_TECHNOLOGY;250R05L180GV4T_JOHANSON_TECHNOLOGY;;;;;;+/-2%;xx;xx;;25V;xx;xx;xx;0201C;xx;xx;xx;xx;lib/empreinte/0201.json;lib/symbole/capacitor.json;lib/simulation/capacitor.sub
C0201_22pF_COG_25V_AUTO_MU;General;Ceramic Capacitor for Automotive - CMS Type 0201 - Reflow;Capacitor;C;2;0.50000;0.00000;22pF;Passive;GRT0335C1E220JA02D;MURATA;xx;xx;COG;xx;;;;;;;;+/-5%;xx;xx;;25V;xx;xx;xx;0201C;xx;xx;xx;xx;lib/empreinte/0201.json;lib/symbole/capacitor.json;lib/simulation/capacitor.sub
C0201_47nF_COG_25V_TDK;General;Ceramic Capacitor - CMS Type 0201 - Reflow;Capacitor;C;2;0.50000;0.00000;47nF;Passive;C0603X5R1E473K030BB;TDK;xx;xx;COG;xx;;;;;;;;+/-10%;xx;xx;;25V;xx;xx;xx;0201C;xx;xx;xx;xx;lib/empreinte/0201.json;lib/symbole/capacitor.json;lib/simulation/capacitor.sub
C0201_47pF_COG_25V_AUTO_MU;General;Ceramic Capacitor for Automotive - CMS Type 0201 - Reflow;Capacitor;C;2;0.50000;0.00000;47pF;Passive;GCM0335C1E470JD03;MURATA;xx;xx;COG;xx;;;;;;;;+/-5%;xx;xx;;25V;xx;xx;xx;0201C;xx;xx;xx;xx;lib/empreinte/0201.json;lib/symbole/capacitor.json;lib/simulation/GCM0335C1E470FA16.sub
C0201_100nF_X5R_25V_MU;General;Ceramic Capacitor - CMS Type 0201 - Reflow;Capacitor;C;2;0.50000;0.00000;100nF;Passive;GRM033R61E104KE14J;MURATA;xx;xx;COG;xx;;;;;;;;+/-10%;xx;xx;;25V;xx;xx;xx;0201C;xx;xx;xx;xx;lib/empreinte/0201.json;lib/symbole/capacitor.json;lib/simulation/GRM011R60G104ME01.sub
C0201_470nF_X5R_16V_TY;General;Ceramic Capacitor - CMS Type 0201 - Reflow;Capacitor;C;2;0.50000;0.00000;470nF;Passive;EMK063BBJ474MPLF;TAIYO YUDEN;xx;xx;COG;xx;;;;;;;;+/-20%;xx;xx;;25V;xx;xx;xx;0201C;xx;xx;xx;xx;lib/empreinte/0201.json;lib/symbole/capacitor.json;lib/simulation/capacitor.sub
C0201_XX_X5R_16V;General;Ceramic Capacitor - CMS Type 0201 - Reflow;Capacitor;C;2;0.80000;0.00000;xx;Passive;xx;xx;xx;xx;X5R;xx;;;;;;;;+/-10%;xx;xx;;16V;xx;xx;xx;0603C;xx;xx;xx;xx;lib/empreinte/0603.json;lib/symbole/capacitor.json;lib/simulation/capacitor.sub
C0402_0.7pF_COG_50V_AUTO_MU;General;Ceramic Capacitor for Automotive - CMS Type 0402 - Reflow;Capacitor;C;2;0.50000;0.00000;0.7pF;Passive;GCM1555C1HR70WA16D;MURATA;xx;xx;COG;xx;AC0402BRNPO9BNR70_YAGEO;AC0402BRNPO9BNR70;YAGEO;;;;;+/-0.05pF;xx;xx;;50V;xx;xx;xx;0402C;xx;xx;xx;xx;lib/empreinte/0402.json;lib/symbole/capacitor.json;lib/simulation/GCM0335C1ER70BA16.sub
C0402_1.5nF_X7R_50V_AUTO_MU;General;Ceramic Capacitor for Automotive - CMS Type 0402 - Reflow;Capacitor;C;2;0.50000;0.00000;1.5nF;Active;GCM155R71H152KA37D;MURATA;xx;xx;X7R;xx;C0402C152J5GACAUTO_KEMET;C0402C152J5GACAUTO;KEMET;;;;;+/-10%;xx;xx;xx;50V;xx;xx;xx;0402C;xx;xx;xx;xx;lib/empreinte/0402.json;lib/symbole/capacitor.json;lib/simulation/GCM155R71H152KA37.sub
C0402_1.5pF_COG_50V_AUTO_MU;General;Ceramic Capacitor for Automotive - CMS Type 0402 - Reflow;Capacitor;C;2;0.50000;0.00000;1.5pF;Active;GCM1555C1H1R5BA16;MURATA;xx;xx;COG;xx;MBASU105SB7152KFNA01_TAIYO YUDEN,CGA2B2X7R1H152K050BA_TDK;MBASU105SB7152KFNA01;TAIYO YUDEN;CGA2B2X7R1H152K050BA;TDK;;;+/-0.1pF;xx;xx;xx;50V;xx;xx;xx;0402C;xx;xx;xx;xx;lib/empreinte/0402.json;lib/symbole/capacitor.json;lib/simulation/GCM1555C1H1R5BA16.sub
C0402_1.8pF_COG_50V_AUTO_MU;General;Ceramic Capacitor for Automotive - CMS Type 0402 - Reflow;Capacitor;C;2;0.50000;0.00000;1.8pF;Passive;GCM1555C1H1R8CA16;MURATA;xx;xx;COG;xx;C0402C189C5GACAUTO_KEMET,AC0402CRNPO9BN1R8_YAGEO;C0402C189C5GACAUTO;KEMET;AC0402CRNPO9BN1R8;YAGEO;;;+/-0.25pF;xx;xx;;50V;xx;xx;xx;0402C;xx;xx;xx;xx;lib/empreinte/0402.json;lib/symbole/capacitor.json;lib/simulation/GCM1555C1H1R8CA16.sub
C0402_1nF_X7R_50V_AUTO_MU;General;Ceramic Capacitor for Automotive - CMS Type 0402 - Reflow;Capacitor;C;2;0.50000;0.00000;1nF;Passive;GCM155R71H102KA37;MURATA;xx;xx;X7R;xx;C0402C102K5RACAUTO_KEMET;C0402C102K5RACAUTO;KEMET;;;;;+/-10%;xx;xx;;50V;xx;xx;xx;0402C;xx;xx;xx;xx;lib/empreinte/0402.json;lib/symbole/capacitor.json;lib/simulation/GCM155R71H102KA37.sub
C0402_1pF_COG_50V_AUTO_MU;General;Ceramic Capacitor for Automotive - CMS Type 0402 - Reflow;Capacitor;C;2;0.50000;0.00000;1pF;Passive;GCQ1555C1H1R0WB01D;MURATA;xx;xx;COG;xx;C0402C109B5GACAUTO_KEMET;C0402C109B5GACAUTO;KEMET;;;;;+/-0.05pF;xx;xx;;50V;xx;xx;xx;0402C;xx;xx;xx;xx;lib/empreinte/0402.json;lib/symbole/capacitor.json;lib/simulation/capacitor.sub
C0402_1uF_X5R_16V_TY;General;Ceramic Capacitor - CMS Type 0402 - Reflow;Capacitor;C;2;0.50000;0.00000;1uF;Passive;MSASE105SB5105KFNA01;TAIYO YUDEN;xx;xx;X5R;xx;C0402C105K4PACTU_KEMET;C0402C105K4PACTU;KEMET;;;;;+/-10%;xx;xx;;16V;xx;xx;xx;0402C;xx;xx;xx;xx;lib/empreinte/0402.json;lib/symbole/capacitor.json;lib/simulation/capacitor.sub
C0402_2.0pF_COG_50V_AUTO_MU;General;Ceramic Capacitor for Automotive - CMS Type 0402 - Reflow;Capacitor;C;2;0.50000;0.00000;2.0pF;Passive;GCM1555C1H2R0CA16D;MURATA;xx;xx;COG;xx;C0402C209C5GACAUTO_KEMET;C0402C209C5GACAUTO;KEMET;;;;;+/-0.25pF;xx;xx;;50V;xx;xx;xx;0402C;xx;xx;xx;xx;lib/empreinte/0402.json;lib/symbole/capacitor.json;lib/simulation/GCM1555C1H2R0CA16.sub
C0402_2.1pF_COG_50V_AUTO_MU;General;Ceramic Capacitor for Automotive - CMS Type 0402 - Reflow;Capacitor;C;2;0.50000;0.00000;2.1pF;Passive;GCM1555C1H2R1BA16D;MURATA;xx;xx;COG;xx;CBR04C219B5GAC_KEMET;CBR04C219B5GAC;;;;;;+/-0.25pF;xx;xx;;50V;xx;xx;xx;0402C;xx;xx;xx;xx;lib/empreinte/0402.json;lib/symbole/capacitor.json;lib/simulation/GCM1555C1H2R0CA16.sub
C0402_2.2nF_COG_50V_MU;General;Ceramic Capacitor - CMS Type 0402 - Reflow;Capacitor;C;2;0.50000;0.00000;2.2nF;Passive;GCM155R71H222KA37D;MURATA;xx;xx;COG;xx;C0402C222K5RAC_KEMET,CGA2B2X7R1H222K050BA_TDK;C0402C222K5RAC;KEMET;CGA2B2X7R1H222K050BA;TDK;;;+/-0.1pF;xx;xx;xx;50V;xx;xx;xx;0402C;xx;xx;xx;xx;lib/empreinte/0402.json;lib/symbole/capacitor.json;lib/simulation/GCM155R71H222KA37.sub
C0402_2.2pF_COG_16V_TY;General;Ceramic Capacitor - CMS Type 0402 - Reflow;Capacitor;C;2;0.50000;0.00000;5.9pF;Passive;UMK105CG2R2BV-F;TAIYO YUDEN;xx;xx;COG;xx;04025U2R2BAT2A_AVX;04025U2R2BAT2A;AVX;;;;;+/-0.1pF;xx;xx;xx;16V;xx;xx;xx;0402C;xx;xx;xx;xx;lib/empreinte/0402.json;lib/symbole/capacitor.json;lib/simulation/capacitor.sub
C0402_2.2uF_X5R_10%_MURATA;General;Ceramic Capacitor - CMS Type 0402 - Reflow;Capacitor;C;2;0.55000;0.00000;2.2uF;Passive;GRM155R61E225KE11D;MURATA;xx;xx;X5R;xx;C1005X5R1E225K050BC_TDK;C1005X5R1E225K050BC_TDK;;;;;;+/-10%;xx;xx;;25V;xx;xx;xx;0402C;xx;xx;xx;xx;lib/empreinte/0402.json;lib/symbole/capacitor.json;lib/simulation/GRM155R61E225KE11.sub
C0402_2.4pF_COG_50V_MU;General;Ceramic Capacitor - CMS Type 0402 - Reflow;Capacitor;C;2;0.50000;0.00000;2.4pF;Passive;GCM1555C1H2R4BA16D;MURATA;xx;xx;COG;xx;C0402C249B5GACAUTO_KEMET;C0402C249B5GACAUTO;KEMET;;;;;+/-0.1pF;xx;xx;xx;50V;xx;xx;xx;0402C;xx;xx;xx;xx;lib/empreinte/0402.json;lib/symbole/capacitor.json;lib/simulation/GCM1885C1H2R4BA16.sub
C0402_3.3pF_COG_50V_AUTO_MU;General;Ceramic Capacitor for Automotive - CMS Type 0402 - Reflow;Capacitor;C;2;0.50000;0.00000;3.3pF;Passive;GCM1555C1H3R3CA16;MURATA;xx;xx;COG;xx;CGA2B2C0G1H3R3C050BA_TDK;CGA2B2C0G1H3R3C050BA;TDK;;;;;+/-0.25pF;xx;xx;;50V;xx;xx;xx;0402C;xx;xx;xx;xx;lib/empreinte/0402.json;lib/symbole/capacitor.json;lib/simulation/GCM1555C1H3R3CA16.sub
C0402_3.3pF_COG_50V_AUTO_MUCopy;General;Ceramic Capacitor for Automotive - CMS Type 0402 - Reflow;Capacitor;C;2;0.50000;0.00000;3.3pF;Passive;GCM1555C1H3R3CA16;MURATA;xx;xx;COG;xx;CGA2B2C0G1H3R3C050BA_TDK;CGA2B2C0G1H3R3C050BA;KEMET;;;;;+/-0.25pF;xx;xx;;50V;xx;xx;xx;0402C;xx;xx;xx;xx;lib/empreinte/0402.json;lib/symbole/capacitor.json;lib/simulation/GCM1555C1H3R3CA16.sub
C0402_3.6pF_COG_50V_AUTO_MU;General;Ceramic Capacitor for Automotive - CMS Type 0402 - Reflow;Capacitor;C;2;0.50000;0.00000;3.6pF;Passive;GCM1555C1H3R6BA16D;MURATA;xx;xx;COG;xx;CBR04C369B5GAC_KEMET;CBR04C369B5GAC;KEMET;;;;;+/-0.1pF;xx;xx;;50V;xx;xx;xx;0402C;xx;xx;xx;xx;lib/empreinte/0402.json;lib/symbole/capacitor.json;lib/simulation/GCM1885C1H3R6BA16.sub
C0402_3.9pF_COG_50V_AUTO_MU;General;Ceramic Capacitor for Automotive - CMS Type 0402 - Reflow;Capacitor;C;2;0.50000;0.00000;3.9pF;Active;GCM1555C1H3R9BA16D;MURATA;xx;xx;COG;xx;CBR04C399B5GACAUTO_KEMET;CBR04C399B5GACAUTO;KEMET;;;;;+/-0.1pF;xx;xx;xx;50V;xx;xx;xx;0402C;xx;xx;xx;xx;lib/empreinte/0402.json;lib/symbole/capacitor.json;lib/simulation/GCM1555C1H3R9BA16.sub
C0402_3pF_COG_50V_AUTO_MU;General;Ceramic Capacitor for Automotive - CMS Type 0402 - Reflow;Capacitor;C;2;0.50000;0.00000;3pF;Passive;GCM1555C1H3R0BA16;MURATA;xx;xx;COG;xx;04025A3R0BAT2A_AVX;04025A3R0BAT2A;AVX;;;;;+/-0.1pF;xx;xx;;50V;xx;xx;xx;0402C;xx;xx;xx;xx;lib/empreinte/0402.json;lib/symbole/capacitor.json;lib/simulation/GCM1555C1H3R0BA16.sub
C0402_4.7pF_COG_50V_AUTO_MU;General;Ceramic Capacitor for Automotive - CMS Type 0402 - Reflow;Capacitor;C;2;0.50000;0.00000;4.7pF;Passive;GCM1555C1H4R7CA16J;MURATA;xx;xx;COG;xx;CGA2B2C0G1H4R7C050BA_TDK;CGA2B2C0G1H4R7C050BA;TDK;;;;;+/-0.25pF;xx;xx;xx;50V;xx;xx;xx;0402C;xx;xx;xx;xx;lib/empreinte/0402.json;lib/symbole/capacitor.json;lib/simulation/GCM1555C1H4R7CA16.sub
C0402_4pF_COG_50V_AUTO_MU;General;Ceramic Capacitor for Automotive - CMS Type 0402 - Reflow;Capacitor;C;2;0.50000;0.00000;4pF;Passive;GCM1555C1H4R0BA16;MURATA;xx;xx;COG;xx;CBR04C409B5GACAUTO_KEMET,CQ0402BRNPO9BN4R0_YAGEO;CBR04C409B5GACAUTO;KEMET;CQ0402BRNPO9BN4R0;YAGEO;;;+/-0.1pF;xx;xx;;50V;xx;xx;xx;0402C;xx;xx;xx;xx;lib/empreinte/0402.json;lib/symbole/capacitor.json;lib/simulation/GCM1555C1H4R0BA16.sub
C0402_5pF_COG_50V_AUTO_MU;General;Ceramic Capacitor for Automotive - CMS Type 0402 - Reflow;Capacitor;C;2;0.50000;0.00000;5pF;Passive;GCM1555C1H5R0CA16;MURATA;xx;xx;COG;xx;CGA2B2C0G1H4R7C050BA_TDK;CGA2B2C0G1H4R7C050BA;TDK;;;;;+/-0.25pF;xx;xx;xx;50V;xx;xx;xx;0402C;xx;xx;xx;xx;lib/empreinte/0402.json;lib/symbole/capacitor.json;lib/simulation/GCM1555C1H5R0CA16.sub
C0402_5.6pF_COG_50V_AUTO_MU;General;Ceramic Capacitor for Automotive - CMS Type 0402 - Reflow;Capacitor;C;2;0.50000;0.00000;5.6pF;Active;GCM1555C1H5R6DA16;MURATA;xx;xx;COG;xx;AC0402DRNPO9BN5R6_YAGEO;AC0402DRNPO9BN5R6;YAGEO;;;;;+/-0.5pF;xx;xx;xx;50V;xx;xx;xx;0402C;xx;xx;xx;xx;lib/empreinte/0402.json;lib/symbole/capacitor.json;lib/simulation/GCM1555C1H5R6DA16.sub
C0402_5.9pF_COG_50V_AUTO_MU;General;Ceramic Capacitor for Automotive - CMS Type 0402 - Reflow;Capacitor;C;2;0.50000;0.00000;5.9pF;Active;GCQ0335C1H5R9BB01D;MURATA;xx;xx;COG;xx;;;;;;;;+/-0.5pF;xx;xx;xx;50V;xx;xx;xx;0402C;xx;xx;xx;xx;lib/empreinte/0402.json;lib/symbole/capacitor.json;lib/simulation/capacitor.sub
C0402_6pF_COG_50V_AUTO_MU;General;Ceramic Capacitor for Automotive - CMS Type 0402 - Reflow;Capacitor;C;2;0.50000;0.00000;6pF;Active;GCM1555C1H6R0DA16;MURATA;xx;xx;COG;xx;AC0402DRNPO9BN5R6_YAGEO;AC0402DRNPO9BN5R6;YAGEO;;;;;+/-0.5pF;xx;xx;xx;50V;xx;xx;xx;0402C;xx;xx;xx;xx;lib/empreinte/0402.json;lib/symbole/capacitor.json;lib/simulation/GCM1555C1H6R0DA16.sub
C0402_6.8pF_COG_50V_AUTO_MU;General;Ceramic Capacitor for Automotive - CMS Type 0402 - Reflow;Capacitor;C;2;0.50000;0.00000;6.8pF;Passive;GCM1555C1H6R8DA16D;MURATA;xx;xx;COG;xx;C0402C689D5GACAUTO_KEMET;C0402C689D5GACAUTO;KEMET;;;;;+/-0.5pF;xx;xx;;50V;xx;xx;xx;0402C;xx;xx;xx;xx;lib/empreinte/0402.json;lib/symbole/capacitor.json;lib/simulation/GCM1555C1H6R8DA16.sub
C0402_6.8pF_COG_50V_AUTO_MU+-0.1pF;General;Ceramic Capacitor for Automotive - CMS Type 0402 - Reflow;Capacitor;C;2;0.50000;0.00000;6.8pF;Passive;GCM1555C1H6R8BA16D;MURATA;xx;xx;COG;xx;C0402C689D5GACAUTO_KEMET;C0402C689D5GACAUTO;KEMET;;;;;+/-0.1pF;xx;xx;;50V;xx;xx;xx;0402C;xx;xx;xx;xx;lib/empreinte/0402.json;lib/symbole/capacitor.json;lib/simulation/GCM1555C1H6R8BA16.sub
C0402_7.5pF_COG_50V_AUTO_MU;General;Ceramic Capacitor for Automotive - CMS Type 0402 - Reflow;Capacitor;C;2;0.50000;0.00000;7.5pF;Passive;GCM1555C1H7R5DA16D;MURATA;xx;xx;COG;xx;C0402C759D5GACAUTO_KEMET;C0402C759D5GACAUTO;KEMET;;;;;+/-0.5pF;xx;xx;;50V;xx;xx;xx;0402C;xx;xx;xx;xx;lib/empreinte/0402.json;lib/symbole/capacitor.json;lib/simulation/GCM0335C1H7R5DA16.sub
C0402_8.2pF_COG_50V_AUTO_MU;General;Ceramic Capacitor for Automotive - CMS Type 0402 - Reflow;Capacitor;C;2;0.50000;0.00000;8.2pF;Passive;GCM1555C1H8R2DA16D;MURATA;xx;xx;COG;xx;CC0402DRNPO9BN8R2_YAGEO;CC0402DRNPO9BN8R2;YAGEO;;;;;+/-0.5pF;xx;xx;xx;50V;xx;xx;xx;0402C;xx;xx;xx;xx;lib/empreinte/0402.json;lib/symbole/capacitor.json;lib/simulation/GCM1555C1H8R2DA16.sub
C0402_8.7pF_COG_50V_AUTO_MU;General;Ceramic Capacitor for Automotive - CMS Type 0402 - Reflow;Capacitor;C;2;0.50000;0.00000;8.7pF;Passive;GCM1555G1H8R7CA16J;MURATA;xx;xx;COG;xx;GCM1555G1H8R7CA16D_MURATA;GCM1555G1H8R7CA16D;MURATA;;;;;+/-0.25pF;xx;xx;;50V;xx;xx;xx;0402C;xx;xx;xx;xx;lib/empreinte/0402.json;lib/symbole/capacitor.json;lib/simulation/GCM1555C1H8R2DA16.sub
C0402_8pF_COG_50V_AUTO_MU;General;Ceramic Capacitor for Automotive - CMS Type 0402 - Reflow;Capacitor;C;2;0.50000;0.00000;8pF;Passive;GCQ1555C1H1R0WB01D;MURATA;xx;xx;COG;xx;C0402C109B5GACAUTO_KEMET;C0402C109B5GACAUTO;KEMET;;;;;+/-0.05pF;xx;xx;;50V;xx;xx;xx;0402C;xx;xx;xx;xx;lib/empreinte/0402.json;lib/symbole/capacitor.json;lib/simulation/capacitor.sub
C0402_9pF_COG_50V_AUTO_MU;General;Ceramic Capacitor for Automotive - CMS Type 0402 - Reflow;Capacitor;C;2;0.50000;0.00000;9pF;Passive;GCM1555C1H9R0DA16;MURATA;xx;xx;COG;xx;CGA2B2C0G1H090D050BA_TDK;CGA2B2C0G1H090D050BA;TDK;;;;;+/-5%;xx;xx;;50V;xx;xx;xx;0402C;xx;xx;xx;xx;lib/empreinte/0402.json;lib/symbole/capacitor.json;lib/simulation/GCM1555C1H9R0DA16.sub
C0402_10nF_X7R_50V_AUTO_MU;General;Ceramic Capacitor for Automotive - CMS Type 0402 - Reflow;Capacitor;C;2;0.50000;0.00000;10nF;Passive;GCM155R71H103KA55;MURATA;xx;xx;X7R;xx;CGA2B3X7R1H103K050BB_TDK,C0402C103K5RACAUTO_KEMET;CGA2B3X7R1H103K050BB;TDK;C0402C103K5RACAUTO;KEMET;;;+-/10%;xx;xx;;50V;xx;xx;xx;0402C;xx;xx;xx;xx;lib/empreinte/0402.json;lib/symbole/capacitor.json;lib/simulation/GCM155R71H103KA55.sub
C0402_10pF_COG_50V_AUTO_MU;General;Ceramic Capacitor for Automotive - CMS Type 0402 - Reflow;Capacitor;C;2;0.50000;0.00000;10pF;Passive;GCM1555C1H100JA16;MURATA;xx;xx;COG;xx;C0402C100J5GACAUTO_KEMET;C0402C100J5GACAUTO;KEMET;;;;;+/-5%;xx;xx;;50V;xx;xx;xx;0402C;xx;xx;xx;xx;lib/empreinte/0402.json;lib/symbole/capacitor.json;lib/simulation/GCM1555C1H100JA16.sub
C0402_12pF_COG_50V_AUTO_MU;General;Ceramic Capacitor for Automotive - CMS Type 0402 - Reflow;Capacitor;C;2;0.50000;0.00000;12pF;Passive;GCM1555C1H120JA16;MURATA;xx;xx;COG;xx;04025A120J4T2A_AVX;04025A120J4T2A;AVX;;;;;+/-5%;xx;xx;;50V;xx;xx;xx;0402C;xx;xx;xx;xx;lib/empreinte/0402.json;lib/symbole/capacitor.json;lib/simulation/GCM1555C1H120JA16.sub
C0402_15pF_COG_50V_MU;General;Ceramic Capacitor - CMS Type 0402 - Reflow;Capacitor;C;2;0.50000;0.00000;15pF;Passive;GCM1555C1H150JA16D;MURATA;xx;xx;COG;xx;04025A150J4T2A_AVX,CGA2B2NP01H150J050BA_TDK;04025A150J4T2A;AVX;CGA2B2NP01H150J050BA;TDK;;;+/-5%;xx;xx;;50V;xx;xx;xx;0402C;xx;xx;xx;xx;lib/empreinte/0402.json;lib/symbole/capacitor.json;lib/simulation/GCM1555C1H150JA16.sub
C0402_18pF_COG_50V_MU;General;Ceramic Capacitor - CMS Type 0402 - Reflow;Capacitor;C;2;0.55000;0.00000;18pF;Passive;GRM1555C1H180GA01J;Murata;xx;xx;COG;xx;C0402C180G5GACTU_KEMET;C0402C180G5GACTU_KEMET;;;;;;+/-2%;xx;xx;xx;50V;xx;xx;xx;0402C;xx;xx;xx;xx;lib/empreinte/0402.json;lib/symbole/capacitor.json;lib/simulation/GRM1555C1H180GA01.sub
C0402_22nF_X7R_50V_AUTO_MU;General;Ceramic Capacitor for Automotive - CMS Type 0402 - Reflow;Capacitor;C;2;0.50000;0.00000;22nF;Passive;GCM155R71H223KA55D;MURATA;xx;xx;X7R;xx;GCM155R71H223KA55D_Murata,CGA2B3X7R1H223KT_TDK,C0402T223K5RAGT050_KEMET;CGA2B3X7R1H223KT;TDK;C0402T223K5RAGT050;KEMET;;;+-/10%;xx;xx;;50V;xx;xx;xx;0402C;xx;xx;xx;xx;lib/empreinte/0402.json;lib/symbole/capacitor.json;lib/simulation/GCM155R71H223KA55.sub
C0402_22pF_COG_16V_TY;General;Ceramic Capacitor - CMS - 0402 - Reflow;Capacitor;C;2;0.50000;0.00000;22pF;Passive;EVK105CH2R2BW-F;TAIYO YUDEN;xx;xx;COG;xx;04025U2R2BAT2A_AVX;04025U2R2BAT2A;AVX;;;;;+/-0.1pF;xx;xx;xx;16V;xx;xx;xx;0402C;xx;xx;xx;xx;lib/empreinte/0402.json;lib/symbole/capacitor.json;lib/simulation/capacitor.sub
C0402_22pF_COG_50V_AUTO_MU;General;Ceramic Capacitor for Automotive - CMS Type 0402 - Reflow;Capacitor;C;2;0.50000;0.00000;22pF;Passive;GCM1555C1H220JA16;MURATA;xx;xx;COG;xx;CGA2B2C0G1H220J050BA_TDK,C0402C220J5GACAUTO_KEMET;CGA2B2C0G1H220J050BA;TDK;C0402C220J5GACAUTO;KEMET;;;+/-5%;xx;xx;;50V;xx;xx;xx;0402C;xx;xx;xx;xx;lib/empreinte/0402.json;lib/symbole/capacitor.json;lib/simulation/GCM1555C1H220JA16.sub
C0402_24pF_COG_MURATA;General;CMS Type 0402 - Reflow;Capacitor;C;2;0.50000;0.00000;24pF;Passive;GRM1555C1E240GA01D;MURATA;xx;xx;COG;xx;;;;;;;;+/-2%;xx;xx;;25V;xx;xx;xx;0402C;xx;xx;xx;xx;lib/empreinte/0402.json;lib/symbole/capacitor.json;lib/simulation/GRM0115C1C240GE01.sub
C0402_33pF_COG_50V_AUTO_MU;General;Ceramic Capacitor for Automotive - CMS Type 0402 - Reflow;Capacitor;C;2;0.50000;0.00000;33pF;Passive;GCM1555C1H330JA16;MURATA;xx;xx;COG;xx;CGA2B2C0G1H330J050BA_TDK,C0402C330J5GACAUTO_KEMET;CGA2B2C0G1H330J050BA;TDK;C0402C330J5GACAUTO;KEMET;;;+/-5%;xx;xx;xx;50V;xx;xx;xx;0402C;xx;xx;xx;xx;lib/empreinte/0402.json;lib/symbole/capacitor.json;lib/simulation/GCM1555C1H330JA16.sub
C0402_39pF_COG_50V_AUTO_MU;General;Ceramic Capacitor for Automotive - CMS Type 0402 - Reflow;Capacitor;C;2;0.50000;0.00000;39pF;Passive;GCM1555C1H390JA16D;MURATA;xx;xx;COG;xx;C0402C390J5GACAUTO_KEMET;C0402C390J5GACAUTO;KEMET;;;;;+/-5%;xx;xx;xx;50V;xx;xx;xx;0402C;xx;xx;xx;xx;lib/empreinte/0402.json;lib/symbole/capacitor.json;lib/simulation/GCM1555C1H390JA16.sub
C0402_47nF_X7R_25V_MU;General;Ceramic Capacitor - CMS Type 0402 - Reflow;Capacitor;C;2;0.50000;0.00000;47nF;Passive;GRM155R71E473KA88;MURATA;xx;xx;X7R;xx;C0402C473K3RACTU_KEMET;;;;;;;+/-10%;xx;xx;;25V;xx;xx;xx;0402C;xx;xx;xx;xx;lib/empreinte/0402.json;lib/symbole/capacitor.json;lib/simulation/GRM155R71E473KA88.sub
C0402_47pF_COG_50V_AUTO_MU;General;Ceramic Capacitor for Automotive - CMS Type 0402 - Reflow;Capacitor;C;2;0.50000;0.00000;47pF;Passive;GCM1555C1H470JA16;MURATA;xx;xx;COG;xx;CGA2B2C0G1H470J050BA_TDK,C0402C470J5GACAUTO_KEMET;CGA2B2C0G1H470J050BA;TDK;C0402C470J5GACAUTO;KEMET;;;+/-5%;xx;xx;;50V;xx;xx;xx;0402C;xx;xx;xx;xx;lib/empreinte/0402.json;lib/symbole/capacitor.json;lib/simulation/GCM1555C1H470JA16.sub
C0402_56pF_COG_50V_AUTO_MU;General;Ceramic Capacitor for Automotive - CMS Type 0402 - Reflow;Capacitor;C;2;0.50000;0.00000;56pF;Active;GCM1555C1H560JA16D;MURATA;xx;xx;COG;xx;C0402C560J5GACAUTO_YAGEO;C0402C560J5GACAUTO;YAGEO;;;;;+/-5%;xx;xx;xx;50V;xx;xx;xx;0402C;xx;xx;xx;xx;lib/empreinte/0402.json;lib/symbole/capacitor.json;lib/simulation/GCM1555C1H560JA16.sub
C0402_68pF_COG_50V_AUTO_MU;General;Ceramic Capacitor for Automotive - CMS Type 0402 - Reflow;Capacitor;C;2;0.50000;0.00000;68pF;Passive;GCM1555C1H680JA16D;MURATA;xx;xx;COG;xx;C0402C680K5RACAUTO_KEMET;C0402C680K5RACAUTO;KEMET;;;;;+/-5%;xx;xx;xx;50V;xx;xx;xx;0402C;xx;xx;xx;xx;lib/empreinte/0402.json;lib/symbole/capacitor.json;lib/simulation/GCM1555C1H680JA16.sub
C0402_75pF_COG_50V_MU;General;Ceramic Capacitor - CMS Type 0402 - Reflow;Capacitor;C;2;0.50000;0.00000;75pF;Passive;GRT1555C1H750FA02D;MURATA;xx;xx;COG;xx;C0402C750J5GACTU_KEMET;C0402C750J5GACTU;KEMET;;;;;+/-5%;xx;xx;;50V;xx;xx;xx;0402C;xx;xx;xx;xx;lib/empreinte/0402.json;lib/symbole/capacitor.json;lib/simulation/capacitor.sub
C0402_91pF_COG_50V_KEM;General;Ceramic Capacitor - CMS Type 0402 - Reflow;Capacitor;C;2;0.50000;0.00000;91pF;Passive;C0402C910J5GACTU;KEMET;xx;xx;COG;xx;GRM1555C1H910JA01D_MURATA;GRM1555C1H910JA01D;MURATA;;;;;+/-5%;xx;xx;;50V;xx;xx;xx;0402C;xx;xx;xx;xx;lib/empreinte/0402.json;lib/symbole/capacitor.json;lib/simulation/capacitor.sub
C0402_100nF_X7R_16V_AUTO_MU;General;Ceramic Capacitor for Automotive - CMS Type 0402 - Reflow;Capacitor;C;2;0.50000;0.00000;100nF;Passive;GCM155R71C104KA55;MURATA;xx;xx;X7R;xx;CGA2B1X7R1C104K050BC_TDK,C0402C104K4RACAUTO_KEMET;CGA2B1X7R1C104K050BC;TDK;C0402C104K4RACAUTO;KEMET;;;+/-10%;xx;xx;;16V;xx;xx;xx;0402C;xx;xx;xx;xx;lib/empreinte/0402.json;lib/symbole/capacitor.json;lib/simulation/GCM155R71C104KA55.sub
C0402_100nF_X7R_50V_AUTO_MU;General;Ceramic Capacitor for Automotive - CMS Type 0402 - Reflow;Capacitor;C;2;0.50000;0.00000;100nF;Passive;GCM155R71H104KE02;MURATA;xx;xx;X7R;xx;UMK105B7104KVHF_TAIYO YUDEN;UMK105B7104KVHF;TAIYO YUDEN;;;;;+/-10%;xx;xx;;50V;xx;xx;xx;0402C;xx;xx;xx;xx;lib/empreinte/0402.json;lib/symbole/capacitor.json;lib/simulation/GCM155R71H104KE02.sub
C0402_100pF_COG_50V_AUTO_MU;General;Ceramic Capacitor for Automotive - CMS Type 0402 - Reflow;Capacitor;C;2;0.50000;0.00000;100pF;Passive;GCM1555C1H101JA16;MURATA;xx;xx;COG;xx;C0402C101J5GACAUTO_KEMET,CGA3E1X7R1E105K080AC_TDK;C0402C101J5GACAUTO;KEMET;CGA3E1X7R1E105K080AC;TDK;;;+/-5%;xx;xx;;50V;xx;xx;xx;0402C;xx;xx;xx;xx;lib/empreinte/0402.json;lib/symbole/capacitor.json;lib/simulation/GCM1555C1H101JA16.sub
C0402_100pF_COG_50V_TY;General;Ceramic Capacitor - CMS Type 0402 - Reflow;Capacitor;C;2;0.50000;0.00000;100pF;Passive;UMK105CG101JV-F;TAIYO YUDEN;xx;xx;COG;xx;C0402C101J5GAC_KEMET;C0402C101J5GAC;KEMET;;;;;+/-5%;xx;xx;;50V;xx;xx;xx;0402C;xx;xx;xx;xx;lib/empreinte/0402.json;lib/symbole/capacitor.json;lib/simulation/capacitor.sub
C0402_120pF_COG_50V_MU;General;Ceramic Capacitor - CMS Type 0402 - Reflow;Capacitor;C;2;0.50000;0.00000;120pF;Passive;GCM1555C1H121FA16D;MURATA;xx;xx;COG;xx;C0402C121F5GACTU_KEMET;C0402C121F5GACTU;KEMET;;;;;+/-1%;xx;xx;;50V;xx;xx;xx;0402C;xx;xx;xx;xx;lib/empreinte/0402.json;lib/symbole/capacitor.json;lib/simulation/GCM1555C1H121JA16.sub
C0402_130pF_COG_50V_MU;General;Ceramic Capacitor - CMS Type 0402 - Reflow;Capacitor;C;2;0.50000;0.00000;130pF;Passive;GCM1555C1H131JA16D;MURATA;xx;xx;COG;xx;04025A131JAT2A_AVX;04025A131JAT2A;AVX;;;;;+/-5%;xx;xx;;50V;xx;xx;xx;0402C;xx;xx;xx;xx;lib/empreinte/0402.json;lib/symbole/capacitor.json;lib/simulation/GCM1555C1H121JA16.sub
C0402_180pF_COG_50V_MU;General;Ceramic Capacitor - CMS Type 0402 - Reflow;Capacitor;C;2;0.50000;0.00000;180pF;Passive;GCM1555C1H181FA16D;MURATA;xx;xx;COG;xx;C0402C181F5GACTU_KEMET;C0402C181F5GACTU;KEMET;;;;;+/-1%;xx;xx;;50V;xx;xx;xx;0402C;xx;xx;xx;xx;lib/empreinte/0402.json;lib/symbole/capacitor.json;lib/simulation/GCM1555C1H181JA16.sub
C0402_220pF_COG_50V_AUTO_MU;General;Ceramic Capacitor for Automotive - CMS Type 0402 - Reflow;Capacitor;C;2;0.50000;0.00000;220pF;Passive;GCM1555C1H221JA16;MURATA;xx;xx;COG;xx;;;;;;;;+/-5%;xx;xx;xx;50V;xx;xx;xx;0402C;xx;xx;xx;xx;lib/empreinte/0402.json;lib/symbole/capacitor.json;lib/simulation/GCM1555C1H221JA16.sub
C0402_330pF_COG_AUTO_MU;General;Ceramic Capacitor for Automotive - CMS Type 0402 - Reflow;Capacitor;C;2;0.50000;0.00000;330pF;Active;GCM1555C1H331JA16;MURATA;xx;xx;COG;xx;UMK105CG331JVHF_TAIYO YUDEN;UMK105CG331JVHF;TAIYO YUDEN;;;;;+/-5%;xx;xx;xx;50V;xx;xx;xx;0402C;xx;xx;xx;xx;lib/empreinte/0402.json;lib/symbole/capacitor.json;lib/simulation/GCM1555C1H331JA16.sub
C0402_470nF_X5R_10V_MU;General;Ceramic Capacitor - CMS Type 0402 - Reflow;Capacitor;C;2;0.50000;0.00000;470nF;Passive;GRM155R61A474KE15D;MURATA;xx;xx;X5R;xx;0402ZD474KAT2A_AVX;0402ZD474KAT2A;AVX;;;;;+/-10%;xx;xx;;10V;xx;xx;xx;0402C;xx;xx;xx;xx;lib/empreinte/0402.json;lib/symbole/capacitor.json;lib/simulation/GRM155R61A474KE15.sub
C0402_470pF_COG_50V_AUTO_MU;General;Ceramic Capacitor for Automotive - CMS Type 0402 - Reflow;Capacitor;C;2;0.50000;0.00000;470pF;Passive;GCM1555C1H471JA16;MURATA;xx;xx;COG;xx;;;;;;;;+/-5%;xx;xx;;50V;xx;xx;xx;0402C;xx;xx;xx;xx;lib/empreinte/0402.json;lib/symbole/capacitor.json;lib/simulation/GCM1555C1H471JA16.sub
C0402_XX_X5R_16V;General;Ceramic Capacitor - CMS Type 0402 - Reflow;Capacitor;C;2;0.80000;0.00000;xx;Passive;xx;xx;xx;xx;X5R;xx;;;;;;;;+/-10%;xx;xx;;16V;xx;xx;xx;0402C;xx;xx;xx;xx;lib/empreinte/0402.json;lib/symbole/capacitor.json;lib/simulation/capacitor.sub
C0603_1nF_X7R_50V_AUTO_MU;General;Ceramic Capacitor for Automotive - CMS Type 0603 - Reflow;Capacitor;C;2;0.00000;0.00000;1nF;Passive;GCM188R71H102KA37D;MURATA;xx;xx;X7R;xx;;;;;;;;+/-10%;xx;xx;;50V;xx;xx;xx;0603C;xx;xx;xx;xx;lib/empreinte/0603.json;lib/symbole/capacitor.json;lib/simulation/GCM188R71H102KA37.sub
C0603_1uF_X5R_6.3V_MU;General;Ceramic Capacitor for Automotive - CMS Type 0603 - Reflow;Capacitor;C;2;0.90000;0.00000;1uF;Passive;GRM188R61C105KA12;MURATA;xx;xx;X5R;xx;C0603C105K9PAC_KEMET;C0603C105K9PAC;KEMET;;;;;+/-10%;xx;xx;;6.3V;xx;xx;xx;0603C;xx;xx;xx;xx;lib/empreinte/0603.json;lib/symbole/capacitor.json;lib/simulation/GRM188R61C105KA12.sub
C0603_1uF_X7R_25V_AUTO_MU;General;Ceramic Capacitor for Automotive - CMS Type 0603 - Reflow;Capacitor;C;2;0.90000;0.00000;1uF;Passive;GCM188R71E105KA64;MURATA;xx;xx;X7R;xx;TMK107AB7105KAHT_TAIYO YUDEN,CGA3E1X7R1E105K080AC_TDK;TMK107AB7105KAHT;TAIYO YUDEN;CGA3E1X7R1E105K080AC;TDK;;;+/-10%;xx;xx;;25V;xx;xx;xx;0603C;xx;xx;xx;xx;lib/empreinte/0603.json;lib/symbole/capacitor.json;lib/simulation/GCM188R71E105KA64.sub
C0603_3.3nF_COG_50V_AUTO_MU;General;Ceramic Capacitor for Automotive - CMS Type 0603 - Reflow;Capacitor;C;2;0.00000;0.00000;3.3nF;Passive;GCM1885C1H332JA16;MURATA;xx;xx;COG;xx;;;;;;;;+/-5%;xx;xx;xx;50V;xx;xx;xx;0603C;xx;xx;xx;xx;lib/empreinte/0603.json;lib/symbole/capacitor.json;lib/simulation/GCM1885C1H332JA16.sub
C0603_4.7uF_X5R_16V_AUTO_MU;General;Ceramic Capacitor for Automotive - CMS Type 0603 - Reflow;Capacitor;C;2;0.80000;0.00000;4.7uF;Passive;GRM188R61C475KE11;MURATA;GRM188R61C475KE11;xx;X5R;xx;0603YD475KAT4A_AVX;0603YD475KAT4A;AVX;;;;;+/-10%;xx;xx;;16V;xx;xx;xx;0603C;xx;xx;xx;xx;lib/empreinte/0603.json;lib/symbole/capacitor.json;lib/simulation/GRM188R61C475KE11.sub
C0603_6.8nF_X7R_50V_AUTO_MU;General;Ceramic Capacitor for Automotive - CMS Type 0603 - Reflow;Capacitor;C;2;0.00000;0.00000;6.8nF;Passive;GCM188R71H682JA37;MURATA;xx;xx;X7R;xx;;;;;;;;+/-5%;xx;xx;xx;50V;xx;xx;xx;0603C;xx;xx;xx;xx;lib/empreinte/0603.json;lib/symbole/capacitor.json;lib/simulation/GCM188R71H682KA37.sub
C0603_10nF_X7R_50V_AUTO_MU;General;Ceramic Capacitor for Automotive - CMS Type 0603 - Reflow;Capacitor;C;2;0.80000;0.00000;10nF;Passive;CL10B103KB8NNNC;SAMSUNG;CL10B103KB8NNNC;xx;X7R;xx;CL10B103KB8NNND_SAMSUNG;CL10B103KB8NNND;SAMSUNG;;;;;+/-5%;xx;xx;xx;50V;xx;xx;xx;0603C;xx;xx;xx;xx;lib/empreinte/0603.json;lib/symbole/capacitor.json;lib/simulation/capacitor.sub
C0603_10uF_X5R_10V_MU;General;Ceramic Capacitor - CMS Type 0603 - Reflow;Capacitor;C;2;0.80000;0.00000;10uF;Passive;GRM188R61A106KAALD;MURATA;xx;xx;X5R;xx;C1608X5R1A106K080AC_TDK;C1608X5R1A106K080AC;TDK;;;;;+/-10%;xx;xx;;10V;xx;xx;xx;0603C;xx;xx;xx;xx;lib/empreinte/0603.json;lib/symbole/capacitor.json;lib/simulation/GRM188R61A106MAAL.sub
C0603_15pF_COG_50V_SE;General;Ceramic Capacitor - CMS Type 0603 - Reflow;Capacitor;C;2;0.80000;0.00000;15pF;Passive;CL10C150JB8NNNC;SAMSUNG;CL10C150JB8NNNC;xx;COG;xx;0603N150J500CT_WALSIN;0603N150J500CT;WALSIN;;;;;+/-5%;xx;xx;;50V;xx;xx;xx;0603C;xx;xx;xx;xx;lib/empreinte/0603.json;lib/symbole/capacitor.json;lib/simulation/capacitor.sub
C0603_22pF_COG_50V_SE;General;Ceramic Capacitor - CMS Type 0603 - Reflow;Capacitor;C;2;0.80000;0.00000;22pF;Passive;CL10C220JB8NNNC;SAMSUNG;CL10C220JB8NNNC;xx;COG;xx;223886715229_YAGEO;2,24E+11;YAGEO;;;;;+/-5%;xx;xx;xx;50V;xx;xx;xx;0603C;xx;xx;xx;xx;lib/empreinte/0603.json;lib/symbole/capacitor.json;lib/simulation/capacitor.sub
C0603_33nF_X7R_50V_SE;General;Ceramic Capacitor for Automotive - CMS Type 0603 - Reflow;Capacitor;C;2;0.80000;0.00000;33nF;Passive;CL10B333KB8NNNC;SAMSUNG;xx;xx;X7R;xx;0603B333K250CT_WALSIN;0603B333K250CT;WALSIN;;;;;+/-10%;xx;xx;xx;50V;xx;xx;xx;0603C;xx;xx;xx;xx;lib/empreinte/0603.json;lib/symbole/capacitor.json;lib/simulation/capacitor.sub
C0603_33pF_COG_50V_SE;General;Ceramic Capacitor - CMS Type 0603 - Reflow;Capacitor;C;2;0.80000;0.00000;33pF;Passive;CL10C330JB8NNNC;SAMSUNG;CL10C330JB8NNNC;xx;COG;xx;CC0603JPNPO9BN330_YAGEO, 0603N330J500CT_WALSIN;CC0603JPNPO9BN330;YAGEO;0603N330J500CT;WALSIN;;;+/-5%;xx;xx;xx;50V;xx;xx;xx;0603C;xx;xx;xx;xx;lib/empreinte/0603.json;lib/symbole/capacitor.json;lib/simulation/capacitor.sub
C0603_100nF_X7R_50V_MU;General;Ceramic Capacitor - CMS Type 0603 - Reflow;Capacitor;C;2;0.80000;0.00000;100nF;Passive;GCJ188R71H104KA12;MURATA;xx;xx;X7R;xx;;;;;;;;+/-10%;xx;xx;;50V;xx;xx;xx;0603C;xx;xx;xx;xx;lib/empreinte/0603.json;lib/symbole/capacitor.json;lib/simulation/capacitor.sub
C0603_220nF_X7R_16V_SE;General;Ceramic Capacitor - CMS Type 0603 - Reflow;Capacitor;C;2;0.80000;0.00000;220nF;Passive;CL10B224KO8NNNC;SAMSUNG;CL10B224KO8NNNC;xx;X7R;xx;0603B224K160CT_WALSIN;0603B224K160CT;WALSIN;;;;;+/-10%;xx;xx;xx;50V;xx;xx;xx;0603C;xx;xx;xx;xx;lib/empreinte/0603.json;lib/symbole/capacitor.json;lib/simulation/capacitor.sub
C0603_220nF_X7R_50V_AUTO_MU;General;Ceramic Capacitor for Automotive - CMS Type 0603 - Reflow;Capacitor;C;2;0.80000;0.00000;220nF;Passive;GCM188R71H224KA64D;MURATA;xx;xx;X7R;xx;C0603C224K5RACAUTO_KEMET;C0603C224K5RACAUTO;KEMET;;;;;+/-10%;xx;xx;xx;50V;xx;xx;xx;0603C;xx;xx;xx;xx;lib/empreinte/0603.json;lib/symbole/capacitor.json;lib/simulation/GCM188R71H224KA64.sub
C0603_330pF_COG_50V_AUTO_MU;General;Ceramic Capacitor for Automotive - CMS Type 0603 - Reflow;Capacitor;C;2;0.80000;0.00000;330pF;Passive;GCM1885C1H331JA16D;MURATA;xx;xx;COG;xx;C0603C331J5GACTU_KEMET;C0603C331J5GACTU;KEMET;;;;;+/-5%;xx;xx;xx;50V;xx;xx;xx;0603C;xx;xx;xx;xx;lib/empreinte/0603.json;lib/symbole/capacitor.json;lib/simulation/GCM1885C1H331JA16.sub
C0603_470nF_X7R_25V_AUTO_MU;General;Ceramic Capacitor for Automotive - CMS Type 0603 - Reflow;Capacitor;C;2;0.80000;0.00000;470nF;Passive;GCM188R71E474KA49;MURATA;xx;xx;X7R;xx;;;;;;;;+/-10%;xx;xx;;25V;xx;xx;xx;0603C;xx;xx;xx;xx;lib/empreinte/0603.json;lib/symbole/capacitor.json;lib/simulation/GCM188R71E474KA49.sub
C0603_XX_X5R_16V;General;Ceramic Capacitor - CMS Type 0603 - Reflow;Capacitor;C;2;0.80000;0.00000;xx;Passive;xx;xx;xx;xx;X5R;xx;;;;;;;;+/-10%;xx;xx;;16V;xx;xx;xx;0603C;xx;xx;xx;xx;lib/empreinte/0603.json;lib/symbole/capacitor.json;lib/simulation/capacitor.sub
C0805_1uF_X7R_25V_AUTO_MU;General;Ceramic Capacitor for Automotive - CMS Type 0805 - Reflow;Capacitor;C;2;1.00000;0.00000;1uF;Passive;GCM21BR71E105KA56;MURATA;xx;xx;X7R;xx;;;;;;;;xx;xx;xx;xx;25V;xx;xx;xx;0805C;xx;xx;xx;xx;lib/empreinte/0805.json;lib/symbole/capacitor.json;lib/simulation/GCM21BR71E105KA56.sub
C0805_4.7uF_X7R_16V_AUTO_MU;General;Ceramic Capacitor for Automotive - CMS Type 0805 - Reflow;Capacitor;C;2;1.00000;0.00000;4.7uF;Passive;GCM21BR71C475KA73;MURATA;xx;xx;X7R;xx;C0805C475K4RACAUTO_KEMET,CGA4J3X7R1C475K125AE_TDK;C0805C475K4RACAUTO;KEMET;CGA4J3X7R1C475K125AE;TDK;;;+/-2%;xx;xx;xx;16V;xx;xx;xx;0805C;xx;xx;xx;xx;lib/empreinte/0805.json;lib/symbole/capacitor.json;lib/simulation/GCM21BR71C475KA73.sub
C0805_10uF_X5R_16V_AUTO_TY;General;Ceramic Capacitor for Automotive - CMS Type 0805 - Reflow;Capacitor;C;2;1.00000;0.00000;10uF;Passive;EMK212BBJ106KGHT;TAIYO YUDEN;xx;xx;X5R;xx;CGA4J1X5R1C106K125AC_TDK;CGA4J1X5R1C106K125AC;TDK;;;;;+/-10%;xx;xx;;16V;xx;xx;xx;0805C;xx;xx;xx;xx;lib/empreinte/0805.json;lib/symbole/capacitor.json;lib/simulation/capacitor.sub
C0805_10uF_X7R_16V_SE;General;Ceramic Capacitor - CMS Type 0805 - Reflow;Capacitor;C;2;1.00000;0.00000;10uF;Passive;CL21B106KOQNNNE;SAMSUNG;xx;xx;X7R;xx;CL21B106KOQNNNG_SAMSUNG;CL21B106KOQNNNG;SAMSUNG;;;;;+/-10%;xx;xx;;16V;xx;xx;xx;0805C;xx;xx;xx;xx;lib/empreinte/0805.json;lib/symbole/capacitor.json;lib/simulation/capacitor.sub
C0805_22uF_X5R_10V_MU;General;Ceramic Capacitor - CMS Type 0805 - Reflow;Capacitor;C;2;1.25000;0.00000;22uF;Passive;GRM21BR61A226ME44L;MURATA;xx;xx;X5R;xx;;;;;;;;+/-20%;xx;xx;;10V;xx;xx;xx;0805C;xx;xx;xx;xx;lib/empreinte/0805.json;lib/symbole/capacitor.json;lib/simulation/GRM21BR61A226ME44.sub
C0805_47uF_X5R_10V_MU;General;Ceramic Capacitor for Automotive - CMS Type 0805 - Reflow;Capacitor;C;2;1.45000;0.00000;47uF;Passive;GRM21BR61A476ME15K;MURATA;xx;xx;X5R;xx;C2012X5R1A476M125AC_TDK;MLASL21GBB5476MTNA01_TAIYO_YUDEN;;;;;;+/-20%;xx;xx;;10V;xx;xx;xx;0805C;xx;xx;xx;xx;lib/empreinte/0805.json;lib/symbole/capacitor.json;lib/simulation/GRM21BR61A476ME15.sub
C0805_220pF_COG_50V_AUTO_MU;General;Ceramic Capacitor for Automotive - CMS Type 0805 - Reflow;Capacitor;C;2;1.00000;0.00000;220pF;Passive;GRM2165C1H221GA01D;MURATA;xx;xx;COG;xx;B37940K5221G060_EPCOS,CC0805GRNPO9BN221_YAGEO,VJ0805A221GXAAC3_Vishay;B37940K5221G060;EPCOS;CC0805GRNPO9BN221;YAGEO;VJ0805A221GXAAC3;Vishay;+/-2%;xx;xx;xx;50V;xx;xx;xx;0805C;xx;xx;xx;xx;lib/empreinte/0805.json;lib/symbole/capacitor.json;lib/simulation/GRM0115C1E221GE01.sub
C0805_470nF_X7R_50V_AUTO_MU;General;Ceramic Capacitor for Automotive - CMS Type 0805 - Reflow;Capacitor;C;2;1.00000;0.00000;470nF;Passive;GRM21BR71H474KA88L;MURATA;xx;xx;X7R;xx;08055C474KAT2A_AVX;08055C474KAT2A;AVX;;;;;+/-10%;xx;xx;xx;50V;xx;xx;xx;0805C;xx;xx;xx;xx;lib/empreinte/0805.json;lib/symbole/capacitor.json;lib/simulation/GRM21BR71H474KA88.sub
C0805_470pF_COG_50V_AUTO_MU;General;Ceramic Capacitor for Automotive - CMS Type 0805 - Reflow;Capacitor;C;2;1.00000;0.00000;470pF;Passive;GRM2165C1H471GA01D;MURATA;xx;xx;COG;xx;B37940K5471G060_EPCOS,CC0805GRNPO9BN471_YAGEO,VJ0805A471GXAAC31_Vishay;B37940K5471G060;EPCOS;CC0805GRNPO9BN471;YAGEO;VJ0805A471GXAAC31;Vishay;+/-2%;xx;xx;xx;50V;xx;xx;xx;0805C;xx;xx;xx;xx;lib/empreinte/0805.json;lib/symbole/capacitor.json;lib/simulation/GRM2165C1H471JA01.sub
C0805_560pF_COG_50V_AUTO_KE;General;Ceramic Capacitor for Automotive - CMS Type 0805 - Reflow;Capacitor;C;2;1.00000;0.00000;560pF;Passive;C0805C561G5GACTU;KEMET;xx;xx;COG;xx;08055A561GAT2A_AVX;08055A561GAT2A;AVX;;;;;+/-2%;xx;xx;xx;50V;xx;xx;xx;0805C;xx;xx;xx;xx;lib/empreinte/0805.json;lib/symbole/capacitor.json;lib/simulation/capacitor.sub
C1210_10uF_X7R_35V_SE;General;Ceramic Capacitor - CMS 1210 - Reflow;Capacitor;C;2;2.70000;0.00000;10uF;Passive;CL32B106KLJNNNE;Samsung;CL32B106KLJNNNE;;X7R;;GCM32ER71E106KA57L_Murata;GCM32ER71E106KA57L;Murata;;;;;+/-10%;;;;35V;;125;-55;1210C;;;;;lib/empreinte/1210.json;lib/symbole/capacitor.json;lib/simulation/capacitor.sub
C_ALU_1mF_25V_10.0mm;General;Cap Aluminum Lytic - 25V - 20% - TRAV;Capacitor;C;2;23.00000;0.00000;1mF;Passive;25ZLH1000MEFCT810X23;Rubycon;EEUEB1E102;;Electrolytic Alu;;EEUEB1E102_Panasonic;EEUEB1E102;Panasonic;;;;;+/-20%;;;;25V;;105;-55;;D10.0xL23mm;;;;lib/empreinte/0603.json;lib/symbole/capacitor.json;lib/simulation/capacitor.sub
C_ALU_47uF_6.3V_4.0mm;General;SMD Aluminium Electrolytic Capacitor, Radial Can, 47uF, 6.3 V, S Series - SMD;Capacitor;C;2;5.50000;0.00000;47uF;Passive;EEE-0JA470WR;Panasonic;EEE-0JA470WR;;Electrolytic Alu;;SC0J476M04005VR259_SAWWHA;SC0J476M04005VR259;SAWWHA;;;;;+/-20%;;;;6.3V;;85;-40;;D4.0xh4.3xL5.0mm;;;;lib/empreinte/0603.json;lib/symbole/cap_pol.json;lib/simulation/capacitor.sub
C_ALU_100uF_16V_6.3mm;General;SURFACE MOUNT ALUMINUM ELECTROLYTIC CAPACITOR;Capacitor;C;2;5.60000;0.00000;100uF;Passive;SC1C107M6L005VR;Samwha;SC1C107M6L005VR;;Electrolytic Alu;;107AXZ016M_Cornell;107AXZ016M;Cornell Dubilier;;;;;+/-20%;;;;16V;;105;-55;;D6.3xh5.4xl6.6mm;;;;lib/empreinte/0603.json;lib/symbole/cap_pol.json;lib/simulation/capacitor.sub
C_ALU_470uF_35V_12.5mm;General;Cap Aluminum Lytic - 0.06 Ohm 1100mA - Size code H13 - SMD;Capacitor;C;2;15.00000;0.00000;470uF;Passive;EEV-FK1V471Q;Panasonic;EEV-FK1V471Q;;Electrolytic Alu;;AFK477M35H32T-F_Cornell;AFK477M35H32T-F;Cornell Dubilier;;;;;+/-20%;;;;35V;;105;-55;;D12.5xh13.5xL15mm;;;;lib/empreinte/0603.json;lib/symbole/capacitor.json;lib/simulation/capacitor.sub
C_POLY_220uF_6.3V_6.3mm;General;Polymer Alu Electrolytic Capacitor C6, OS-CON Series 6.3 x 5.9mm - SMD ;Capacitor;C;2;6.00000;0.00000;220uF;Passive;'875105144008;WURTH;'875105144008;;Aluminum Polymer;xx;6SVPC220MV_Panasonic;6SVPC220MV;Panasonic;;;;;+/-20%;;;;6.3V;;105;-55;;D6.3xh5.8mm;;;;lib/empreinte/0603.json;lib/symbole/cap_pol.json;lib/simulation/capacitor.sub
C_SUPERCAP-0.47F_SCMR14C474PSBA0H;General;Super Cap - 0.47F 5V - Radial;Capacitor;C;2;14.50000;0.50000;0.47F;Passive;SCMR14C474PSBA0H;AVX;xx;xx;xx;xx;;;;;;;;+/-20%;xx;xx;xx;5V;xx;xx;xx;xx;xx;xx;xx;xx;;lib/symbole/capacitor.json;lib/simulation/capacitor.sub
C_SUPERCAP-1F_SCMR18C105MRBA0;General;Super Cap - 1F 5V - Radial;Capacitor;C;2;19.00000;1.00000;1F;Passive;SCMR18C105MRBA0;AVX;xx;xx;xx;xx;;;;;;;;+/-20%;xx;xx;xx;5V;xx;xx;xx;xx;xx;11.5mm;xx;xx;;lib/symbole/capacitor.json;lib/simulation/capacitor.sub
C_SUPERCAP-3F_HB0820-2R5305-R;General;Supercapacitors - EATON BUSSMANN SERIES - HB0820-2R5305-R - 3F, 2.5V, RAD;Capacitor;C;2;21.00000;0.00000;3F;Passive;HB0820-2R5305-R;Eaton;HB0820-2R5305-R;;;;;;;;;;;-33,33333333;;;;2.5V;;;;;;;;;lib/empreinte/0603.json;lib/symbole/capacitor.json;lib/simulation/capacitor.sub
C_SUPERCAP-5F_PHVL-3R9V505-R;General;Supercapacitors - PHVL 3.9V 5F 0.065OHM VERT - Radial;Capacitor;C;2;32.52000;0.00000;5F;Passive;PHVL-3R9V505-R;EATON;PHVL-3R9V505-R;;;;;;;;;;;-33,33333333;;;;5V;7.22A;+65C;-40C;;;;;;lib/empreinte/0603.json;lib/symbole/capacitor.json;lib/simulation/capacitor.sub
C_SUPERCAP_0.47F_SCMR14C474SSBA1_Coudee;General;Supercapacite - 0.47F 5V - Coudee TRAV - Wave;Capacitor;C;2;11.00000;3.00000;0.47F;Passive;SCMR14C474SSBA1;AVX;xx;xx;;xx;;;;;;;;;xx;xx;xx;5V;xx;xx;xx;xx;xx;xx;xx;xx;;lib/symbole/capacitor.json;lib/simulation/capacitor.sub
C_SUPERCAP_1F_B0810-2R5H105-1_Coudee;General;"Supercapacite - montage radiale suivant plan B0810-2R5H105-1 ""Cooper Bussman"" - Wave";Capacitor;C;2;10.00000;0.00000;1F;Passive;B0810-2R5H105-1;POWERSTOR;xx;xx;Carbon;xx;GPL2R7105M0812-A00_YEC;GPL2R7105M0812-A00;YEC;;;;;;xx;xx;xx;2.5V;xx;xx;xx;xx;xx;xx;xx;xx;;lib/symbole/capacitor.json;lib/simulation/capacitor.sub
C_SUPERCAP_1F_B0810-2R5105-R;General;Aerogel Super Cap - 1F 2.5V - Axiale - Wave ;Capacitor;C;2;13.50000;0.00000;1F;Passive;B0810-2R5105-R;POWERSTOR;xx;xx;Carbon;xx;WPL2R71050812_YEC;WPL2R71050812;YEC;;;;;;xx;xx;xx;2.5V;xx;xx;xx;xx;xx;xx;xx;xx;;lib/symbole/capacitor.json;lib/simulation/capacitor.sub
C_TANTAL-100uF_TAJY107M006TNJV;General;Tantalum Capacitors - 100uF,6.3VDC,20% TOL 0.7 Ohm ESR,AEC-Q200;Capacitor;C;2;2.00000;0.00000;100uF;Passive;TAJY107M006TNJV;AVX;TAJY107M006TNJV;;;;;;;;;;;+/-20%;;;;6.3V;;+125C;-55C;2917C;;;;;;lib/symbole/cap_pol.json;lib/simulation/capacitor.sub
CONN-6-1mm-CMS;General;Wurth Elektronik 686 1mm Pitch 6 Way Straight SMT FPC Connector;Connector;J;8;3.15000;0.00000;CMS-1.0mm;Passive;'68610614122;Wurth Elektronik;'68610614122;;;;;;;;;;;;;;;;;;;;;;;;;lib/symbole/header.json;
CONN-6-2.54mm-TRAV;General;Connecteur 6 pts droits au pas de 2.54mm - Traversant;Connector;J;6;8.00000;0.00000;TRAV-2.54mm;Passive;SSW-106-01-G-S;Samtec;SSW-106-01-G-S;xx;xx;xx;;;;;;;;xx;xx;xx;;xx;xx;xx;xx;xx;xx;xx;xx;xx;;lib/symbole/header.json;
CONN-20-0.5-reflow;General;0.5mm Mezzanine Connector, 20 position, 2.3mm height plug connector - SMD;Connector;J;24;2.45000;;CMS-20-0.5mm;Passive;10132797-021100LF;Amphenol FCI;10132797-021100LF;;;;;;;;;;;;;;;;;;;None;;;;;;lib/symbole/header.json;
CONN-USB-C-Reflow;General;USB type C receptacle - Dual Row SMT - Reflow;Connector;J;30;;0.00000;USB_C;Passive;2305018-2;TE;2305018-2;xx;xx;xx;2305018-2_TE Connectivity;TE Connectivity;2305018-2;;;;;xx;xx;xx;;xx;xx;xx;xx;xx;xx;xx;xx;xx;;lib/symbole/header.json;
CONN-USB_Mini_651005136421;General;Female MINI USB, 2.0 TYPE B, RECEPTACLE -TRAV ;Connector;J;7;9.20000;0.00000;Mini_USB;Active;'651005136421 ;Wurth;'651005136421 ;;;;;;;;;;;;;;;;;;;;;;;;;lib/symbole/header.json;
CONN_2-3.81mm-Bornier-TRAV;General;3.81mm Pitch Straight Pluggable Terminal Block, PCB Header, Through Hole, 2 Way;Connector;J;2;9.35000;0.00000;3.81mm;Active;'691321300002;Wurth;'691321300002;;;;;;;;;;;;;;;;;;;;;3.81mm;;;;lib/symbole/header.json;
CONN_3-1.25mm-SMD-HIROSE-DF13C-3P-1_25V_21;General;Headers & Wire Housings 1.25MM V PCB HEADER 3P - SMT;Connector;J;5;4.95000;0.00000;1.25mm;Passive;DF13C- 3P-1.25V(21);HIROSE;DF13C- 3P-1.25V(21);;;;;;;;;;;;;;;;;;;;;;;;;lib/symbole/header.json;
CONN_3-1.25mm-SMD-MOLEX-53261-0371;General;1.25mm Pitch, 3 way Single Row, Right-Angle, Surface Mount;Connector;J;5;3.60000;0.00000;1.25mm;Passive;'53261-0371;MOLEX;53261-0371;;;;;;;;;;;;;;;;;;;;;;;;;lib/symbole/header.json;
CONN_3-1.25mm-SMD-MOLEX-533980371;General;1.25mm Pitch, 3 way Single Row, Vertical, Surface Mount,;Connector;J;5;3.70000;0.00000;1.25mm;Passive;'53398-0371;MOLEX;53398-0371;;;;;;;;;;;;;;;;;;;;;1.25mm;;;;lib/symbole/header.json;
CONN_3-1.27mm-reflow;General;Connecteur 3 pts au pas de 1.27mm - reflow;Connector;J;3;0.01000;0.00000;1.27mm;Passive;xx;xx;xx;xx;xx;xx;;;;;;;;xx;xx;xx;;xx;xx;xx;xx;xx;xx;xx;xx;xx;;lib/symbole/header.json;
CONN_3-1.27mm-TRAV;General;Connecteur 3 pts au pas de 1.27mm - Traversant;Connector;J;3;3.40000;0.00000;TRAV-1.27mm;Passive;M52-500xx45 (xx=No. of ways);HARWIN;xx;xx;xx;xx;;;;;;;;xx;xx;xx;;xx;xx;xx;xx;xx;xx;xx;xx;xx;;lib/symbole/header.json;
CONN_3-2.54mm-TRAV;General;Connecteur 3 pts droits au pas de 2.54mm - Traversant;Connector;J;3;8.00000;0.00000;TRAV-2.54mm;Passive;SSW-103-01-G-S;Samtec;SSW-103-01-G-S;xx;xx;xx;;;;;;;;xx;xx;xx;;xx;xx;xx;xx;xx;xx;xx;xx;xx;;lib/symbole/header.json;
CONN_3-3.81mm-Bornier-TRAV;General; 3 Way 3.81mm Pitch Straight Pluggable Terminal Block, PCB Header, Through Hole;Connector;J;3;9.20000;0.00000;3.81mm;Active;'691321300003;Wurth;'691321300003;;;;;;;;;;;;;;;;;;;;;3.81mm;;;;lib/symbole/header.json;
CONN_4-1.27mm-reflow;General;Connecteur 4 pts au pas de 1.27mm - reflow;Connector;J;4;0.01000;0.00000;1.27mm;Passive;xx;xx;xx;xx;xx;xx;;;;;;;;xx;xx;xx;;xx;xx;xx;xx;xx;xx;xx;xx;xx;;lib/symbole/header.json;
CONN_4-1.27mm-TRAV;General;Connecteur 4 pts droit au pas de 1.27mm - Traversant;Connector;J;4;3.40000;0.00000;TRAV-1.27mm;Passive;M52-500xx45 (xx=No. of ways);HARWIN;xx;xx;xx;xx;2206SA-xx-46_MULTICOMP, SLM-1xx-01-G-S_SAMTEC (xx=No. of ways);2206SA-xx-46_MULTICOMP, SLM-1xx-01-G-S_SAMTEC (xx=No. of ways);;;;;;xx;xx;xx;;xx;xx;xx;xx;xx;xx;xx;xx;xx;;lib/symbole/header.json;
CONN_4-2.54mm-TRAV;General;Connecteur 4 pts droits au pas de 2.54mm - Traversant;Connector;J;4;8.00000;0.00000;TRAV-2.54mm;Passive;SSW-104-01-G-S;Samtec;SSW-104-01-G-S;xx;xx;xx;;;;;;;;xx;xx;xx;;xx;xx;xx;xx;xx;xx;xx;xx;xx;;lib/symbole/header.json;
CONN_4-2mm-reflow;General;Connecteur 4 pts au pas de 2mm - reflow;Connector;J;4;0.01000;0.00000;2mm;Passive;xx;xx;xx;xx;xx;xx;;;;;;;;xx;xx;xx;;xx;xx;xx;xx;xx;xx;xx;xx;xx;;lib/symbole/header.json;
CONN_5-2.5mm-TRAV-B5B-XH-A;General;Connector Header 5 position 0.098 (2.50mm) - Through Hole;Connector;J;5;7.00000;0.00000;TRAV-2.5mm;Passive;B5B-XH-A;JST;B5B-XH-A;;;;;;;;;;;;;;;;;;;;;2.5mm;;;;lib/symbole/header.json;
CONN_5-2.54mm-TRAV-MOLEX-KK7478;General;Headers & Wire Housings R/A PCB HDR 5P TIN FRICTION LOCK - Through Hole;Connector;J;5;6.35000;0.00000;TRAV-2.54mm;Passive;'22-05-3051;MOLEX;22/05/3051;xx;xx;xx;;;;;;;;xx;xx;xx;;xx;xx;xx;xx;xx;xx;xx;xx;xx;;lib/symbole/header.json;
CONN_5-2mm-TRAV;General;Connecteur male 5 pts droits au pas de 2mm - Traversant;Connector;J;5;4.50000;0.00000;TRAV-2mm;Passive;xx;xx;xx;xx;xx;xx;;;;;;;;xx;xx;xx;;xx;xx;xx;xx;xx;xx;xx;xx;xx;;lib/symbole/header.json;
CONN_5x2-1.27mm-TRAV;General;1.27mm (0.05in.) pitch, Receptacle Top entry, 10 contacts;Connector;J;10;4.40000;;;Passive;'20021311-00010T4LF;Amphenol FCI;'20021311-00010T4LF;;;;;;;;;;;;;;;;;;;None;;;;;;lib/symbole/header.json;
CONN_6-1.27mm-reflow;General;Connecteur male 6 pts au pas de 1.27mm - reflow;Connector;J;6;0.01000;0.00000;1.27mm;Passive;xx;xx;xx;xx;xx;xx;;;;;;;;xx;xx;xx;;xx;xx;xx;xx;xx;xx;xx;xx;xx;;lib/symbole/header.json;
CONN_6-1.27mm-SMD-1x6-F;General;Archer: 6 Pos Receptacle SIL Straight SMT Connector 3.6mm high;Connector;J;6;3.60000;;;Active;M50-3140645;Harwin;;;;;;;;;;;;;;;;;;;;;;;;;;lib/symbole/header.json;
CONN_6-1.27mm-TRAV;General;Connecteur male 6 pts droits au pas de 1.27mm - Traversant;Connector;J;6;3.40000;0.00000;TRAV-1.27mm;Passive;M52-5000645;HARWIN;M52-5000645;xx;xx;xx;;;;;;;;xx;xx;xx;xx;xx;xx;xx;xx;xx;xx;1.27mm;xx;xx;;lib/symbole/header.json;
CONN_6-2.54mm-MOLEX-KK7478;General;Headers & Wire Housings R/A PCB HDR 6P TIN FRICTION LOCK - Through Hole;Connector;J;6;6.35000;0.00000;TRAV-2.54mm;Passive;'22-05-3061;MOLEX;22/05/3061;xx;xx;xx;;;;;;;;xx;xx;xx;;xx;xx;xx;xx;xx;xx;xx;xx;xx;;lib/symbole/header.json;
CONN_6-2mm-TRAV;General;Connecteur male 6 pts droits au pas de 2mm - Traversant - reflow;Connector;J;6;4.50000;0.00000;TRAV-2mm;Passive;xx;xx;xx;xx;xx;xx;;;;;;;;xx;xx;xx;;xx;xx;xx;xx;xx;xx;xx;xx;xx;;lib/symbole/header.json;
CONN_6_1.27mm-reflow-SAMTEC-FW-03-05-G-D-255-217-A;General;Connecteur 6 pts au pas de 1.27mm - reflow;Connector;J;6;12.00000;0.00000;1.27mm;Passive;FW-03-05-G-D-255-217-A;SAMTEC;FW-03-05-G-D-255-217-A;xx;xx;xx;;;;;;;;xx;xx;xx;;xx;xx;xx;xx;xx;xx;1.27mm;xx;xx;;lib/symbole/header.json;
CONN_6_1.27mm-reflow-TAG_CONNECT-TC2030-IDC-NL;General;Connecteur 6 pts au pas de 1.27mm - reflow;Connector;J;6;0.01000;0.00000;1.27mm;Passive;TC2030-IDC-NL;TAG CONNECT;TC2030;xx;xx;xx;;;;;;;;xx;xx;xx;;xx;xx;xx;xx;xx;xx;1.27mm;xx;xx;;lib/symbole/header.json;
CONN_7-1.27mm-reflow;General;Connecteur 7 pts au pas de 1.27mm - reflow;Connector;J;7;0.01000;0.00000;1.27mm;Passive;xx;xx;xx;xx;xx;xx;;;;;;;;xx;xx;xx;;xx;xx;xx;xx;xx;xx;xx;xx;xx;;lib/symbole/header.json;
CONN_7-2mm-reflow;General;Connecteur 7 pts au pas de 2mm - reflow;Connector;J;7;0.00000;0.00000;2mm;Active;xx;xx;xx;xx;xx;xx;;;;;;;;xx;xx;xx;xx;xx;xx;xx;xx;xx;xx;2mm;xx;xx;;lib/symbole/header.json;
CONN_7-2mm-TRAV;General;Connecteur 7 pts au pas de 2mm - Traversant;Connector;J;7;4.50000;0.00000;TRAV-2mm;Passive;xx;xx;xx;xx;xx;xx;;;;;;;;xx;xx;xx;xx;xx;xx;xx;xx;xx;xx;2mm;xx;xx;;lib/symbole/header.json;
CONN_8-2.54mm-TRAV-AMPHENOL;General;Headers & Wire Housings ECONOSTIK HEADER SR RA TH 1X8 - Through Hole;Connector;J;8;2.41000;0.00000;TRAV-2.54mm;Passive;10129379-908002BLF;AMPHENOL;10129379-908002BLF;xx;xx;xx;;;;;;;;xx;xx;xx;xx;xx;xx;xx;xx;xx;xx;2.54mm;;;;lib/symbole/header.json;
CONN_8-2.54mm-TRAV-F;General;M20: 8 Pos Receptacle SIL Straight 3mm THT Connector 8.5mm high Gold+Tin;Connector;J;8;8.50000;;;Active;;;;;;;;;;;;;;;;;;;;;;;;;;;;lib/symbole/header.json;
CONN_8-2.54mm-TRAV-M;General;Connecteur 8 pts droits au pas de 2.54mm - Traversant;Connector;J;8;2.41000;0.00000;TRAV-2.54mm;Passive;xx;xx;xx;xx;xx;xx;;;;;;;;xx;xx;xx;xx;xx;xx;xx;xx;xx;xx;2.54mm;;;;lib/symbole/header.json;
CONN_8-2.54mm-TRAV-MOLEX-KK7478;General;Headers & Wire Housings R/A PCB HDR 8P TIN FRICTION LOCK - Through Hole;Connector;J;8;6.60000;0.00000;TRAV-2.54mm;Passive;'22-05-3081;MOLEX;'22-05-3081;xx;xx;xx;;;;;;;;xx;xx;xx;;xx;xx;xx;xx;xx;xx;2.54mm;xx;xx;;lib/symbole/header.json;
CONN_8-2mm-reflow;General;Connecteur 8 pts droits au pas de 2mm - reflow;Connector;J;8;2.50000;0.00000;;Passive;xx;xx;xx;xx;xx;xx;;;;;;;;xx;xx;xx;xx;xx;xx;xx;xx;xx;xx;2mm;;;;lib/symbole/header.json;
CONN_10-1.27mm-TRAV;General;Connecteur 7 pts droit au pas de 1.27mm - Through Hole - Wave;Connector;J;10;3.40000;0.00000;TRAV-1.27mm;Passive;xx;xx;xx;xx;xx;xx;;;;;;;;xx;xx;xx;xx;xx;xx;xx;xx;xx;xx;xx;xx;xx;;lib/symbole/header.json;
CONN_10-1.27mm_2x5pts-reflow-FTSH-105-01-F-DV-P;General;Samtec FTSH, 1.27mm Pitch, 10 Way, 2 Row PCB Header, Surface Mount;Connector;J;10;6.10000;0.00000;1.27mm;Active;FTSH-105-01-F-DV-P;SAMTEC;FTSH-105-01-F-DV-P;;;;;;;;;;;;;;;;;;;;;;;;;lib/symbole/header.json;
CONN_10-1.27mm_2x5pts-reflow-FTSH-105-01-L-DV-K-P-TR;General;Samtec, FTSH, 10 Way, 2 Row, Vertical PCB Header;Connector;J;10;;;;Active;;;;;;;;;;;;;;;;;;;;;;;;;;;;lib/symbole/header.json;
CONN_10-1.27mm_2x5pts-reflow_FTSH-105-01-L-DV-K;General;Samtec, FTSH, 10 Way, 2 Row, Straight Pin Header - SMT;Connector;J;10;6.10000;0.00000;1.27mm;Passive;FTSH-105-01-L-DV-K;SAMTEC;FTSH-105-01-L-DV-K;;;;;;;;;;;;;;;;;;;;;1.27mm;;;;lib/symbole/header.json;
CONN_16-1.27mm-SMD-2x8-F;General;16 Position Connector Header, Center Strip Contacts Surface Mount;Connector;J;16;;;;Active;CLP-108-02-L-D-K-TR;SAMTEC;;;;;;;;;;;;;;;;;;;;;;;;;;lib/symbole/header.json;
CONN_16-1.27mm-SMD-2x8-M;General;16 Position, Micro Low Profile Header Strips, Vertical Mount;Connector;J;16;;;;Active;FTS-108-01-L-DV;SAMTEC;;;;;;;;;;;;;;;;;;;;;;;;;;lib/symbole/header.json;
CONN_18-1.27mm-reflow-Vhole;General;Connecteur male 18 pts au pas de 1.27mm - reflow;Connector;J;18;0.01000;0.00000;1.27mm;Passive;xx;xx;xx;xx;xx;xx;;;;;;;;xx;xx;xx;;xx;xx;xx;xx;xx;xx;xx;xx;xx;;lib/symbole/header.json;
CONN_20-1.27mm-reflow-Vhole;General;Connecteur male 20 pts au pas de 1.27mm - reflow;Connector;J;20;0.01000;0.00000;1.27mm;Passive;xx;xx;xx;xx;xx;xx;;;;;;;;xx;xx;xx;;xx;xx;xx;xx;xx;xx;xx;xx;xx;;lib/symbole/header.json;
CONN_40-1.27mm-SMD-2x20-F;General;40 Position Connector Header, Center Strip Contacts Surface Mount;Connector;J;40;;;;Active;CLP-120-02-L-D-A-K-TR;Samtec;CLP-120-02-L-D-A-K-TR;;;;;;;;;;;;;;;;;;;;;;;;;lib/symbole/header.json;
CONN_40-1.27mm-SMD-2x20-M;General;CONN HEADER, 1.27MM, 2X20WAY, SMT;Connector;J;40;;;;Active;FTSH-120-01-L-DV;Samtec;FTSH-120-01-L-DV;;;;;;;;;;;;;;;;;;;;;;;;;lib/symbole/header.json;
CONN_75_0.5mm-10128798-005RLF-reflow;General;PCIe M.2 Connectors, Storage and Server Connector, P=0.5mm, H5.5mm - SMT;Connector;J;69;5.75000;0.00000;0.5mm;Passive;10128798-005RLF;Amphenol (FCI);10128798-005RLF;;;;;;;;;;;;;;;;;;;;;0.5mm;;;;lib/symbole/header.json;
CONN_100_DF40HC-100DS-0_4V_51_;General;100 Position Connector Receptacle, Center Strip Contacts - SMT;Connector;J;100;1.65000;0.00000;0.4mm;Passive;DF40HC(3.0)-100DS-0.4V(51);Hirose;DF40HC(3.0)-100DS-0.4V(51);;;;;;;;;;;;;;;;;;;;22.6mmx2.88mm;0.4;SMD;;;lib/symbole/header.json;
CONN_BatteryHolder_BA2AAPC;General;BATTERY HOLDER AA 2 CELL PC PIN - TRAV;Connector;J;2;16.00000;0.00000;xx;Passive;BA2AAPC;MPD (Memory Protection Devices);BA2AAPC;xx;xx;xx;;;;;;;;xx;xx;xx;xx;xx;xx;xx;xx;xx;;;;;;lib/symbole/header.json;
CONN_BatteryHolder_Coin_1067;General;Battery Holder, THM, Vertical/Compact, Coin Cell, 20mm | Keystone Electronics 1067 - TRAV;Connector;J;2;22.00000;0.00000;Coin_Cell;Passive;1067;KEYSTONE;1067;;;;;;;;;;;;;;;;;;;;22x13x22mm;;;;;lib/symbole/header.json;
CONN_BatteryHolder_TypeC/D;General;Cylindrical Battery Contacts, Clips, Holders & Springs C BATTERY HOLDER - TRAV;Connector;J;1;24.56000;0.00000;C/D;Active;222 or 78 ;KeyStone;;;;;;;;;;;;;;;;;;;;;;;;;;lib/symbole/header.json;
CONN_BatteryHolder_TypeD_BX0037;General;BULGIN - BX0037 - HOLDER, BATTERY, D, CELL - TRAV;Connector;J;2;33.80000;0.00000;TypeD;Active;BX0037;Bulgincomp;BX0037;;;;;;;;;;;;;;;;;;;;;;;;;lib/symbole/header.json;
CONN_Embase_SMA_CI_Bord_de_carte;General;JOHNSON - 142-0701-801 - SMA, PCBu5B89u88C5;Connector;J;5;4.35000;0.00000;Embase_SMA_CI;Passive;142-0701-801;Cinch Connectivity Solutions;142-0701-801;xx;xx;xx;;OPEN;OPEN;;;;;xx;xx;xx;;xx;xx;xx;xx;xx;xx;xx;xx;xx;;lib/symbole/header.json;
CONN_Embase_UFL_HIROSE;General;Embase Male CMS U.FL-R-SMT (xx) pour cable coaxiale RF - SMD - Reflow;Connector;J;3;1.25000;0.00000;UFL_receptacle;Passive;CL0331-0472-2-10 (Part No.: U.FL-R-SMT-1(10))      ;HIROSE;CL0331-0472-2-10 (Part No.: U.FL-R-SMT-1(10))      ;xx;xx;xx;;;;;;;;xx;xx;xx;;xx;xx;xx;xx;xx;xx;xx;xx;xx;;lib/symbole/header.json;
CONN_ETH_J0011D01BNL;General;Modular Connectors / Ethernet Connectors 1X1 TAB DOWN W/LEDS - TRAV;Connector;J;14;;13.84000;RJ45;Active;J0011D01BNL;Pulse electronics;J0011D01BNL;;;;;;;;;;;;;;;;;;;;;;;;;lib/symbole/header.json;
CONN_ETH_JXT7-1140NL;General;Modular Connectors / Ethernet Connectors CONN,RJ45, 10GPP, 1:1,4Ch - TRAV;Connector;J;30;13.30000;0.00000;RJ45;Active;JXT7-1140NL;Pulse Electronics;JXT7-1131NL;;;;;;;;;;;;;;;;;;;;34.3x16.5x13.3mm;;;;;lib/symbole/header.json;
CONN_INPUT-Circle-0.6mm;General;Trou metalise diam trou 0.6mm- diam. plated 1.6mm;Connector;J;1;0.01000;0.00000;0.6mm;Passive;xx;xx;xx;xx;xx;xx;;;;;;;;xx;xx;xx;xx;xx;xx;xx;xx;xx;xx;xx;xx;xx;;lib/symbole/header.json;
CONN_INPUT-Circle-0.7mm;General;Trou metalise diam trou 0.7mm- diam. plated 1.0mm;Connector;J;1;0.01000;0.00000;0.7mm;Passive;xx;xx;xx;xx;xx;xx;;;;;;;;xx;xx;xx;xx;xx;xx;xx;xx;xx;xx;xx;xx;xx;;lib/symbole/header.json;
CONN_INPUT-Circle-1.2mm;General;Trou metalise diam trou 1.2mm- diam. plated 2.2mm;Connector;J;1;0.01000;0.00000;1.2mm;Passive;xx;xx;xx;xx;xx;xx;;;;;;;;xx;xx;xx;xx;xx;xx;xx;xx;xx;xx;xx;xx;xx;;lib/symbole/header.json;
CONN_INPUT-Circle-1.25mm;General;Trou metalise diam trou 1.25mm- diam. plated 2.2mm;Connector;J;1;0.01000;0.00000;1.25mm;Passive;xx;xx;xx;xx;xx;xx;;;;;;;;xx;xx;xx;xx;xx;xx;xx;xx;xx;xx;xx;xx;xx;;lib/symbole/header.json;
CONN_INPUT-Circle-1mm;General;Trou metalise diam trou 1mm- diam. plated 1.7mm;Connector;J;1;;;;Active;;;;;;;;;;;;;;;;;;;;;;;;;;;;lib/symbole/header.json;
CONN_INPUT-Finger-1.2mm;General;Trou metalise diam. trou 1.2mm - dim. plated 2.54mmx1.6mm;Connector;J;1;0.01000;0.00000;2.54x1.6mm;Passive;xx;xx;xx;xx;xx;xx;;;;;;;;xx;xx;xx;xx;xx;xx;xx;xx;xx;xx;xx;xx;xx;;lib/symbole/header.json;
CONN_INPUT-Finger-1.3mm;General;Trou metalise diam. trou 1.3mm - dim. plated 3.6mmx1.8mm;Connector;J;1;0.01000;0.00000;3.6x1.8mm;Passive;xx;xx;xx;xx;xx;xx;;;;;;;;xx;xx;xx;xx;xx;xx;xx;xx;xx;xx;xx;xx;xx;;lib/symbole/header.json;
CONN_INPUT-Square-1.2mm;General;Trou metalise diam trou 1.2mm- dim. plated 2.2x2.2mm;Connector;J;1;0.01000;0.00000;1.2mm;Passive;xx;xx;xx;xx;xx;xx;;;;;;;;xx;xx;xx;xx;xx;xx;xx;xx;xx;xx;xx;xx;xx;;lib/symbole/header.json;
CONN_JUMPER-2pts;General;JUMPER 2PTS = Barrette secable Pas 2.54 + cavalier - TRAV;Jumper;JP;2;8.00000;0.00000;Cavalier_2.54;Passive;xx;xx;xx;xx;xx;xx;;;;;;;;xx;xx;xx;xx;xx;xx;xx;xx;xx;xx;xx;xx;xx;;lib/symbole/header.json;
CONN_JUMPER-3pts;General;JUMPER 3PTS = Barrette secable Pas 2.54 + cavalier - TRAV;Jumper;JP;3;8.00000;0.00000;Cavalier_2.54;Passive;xx;xx;xx;xx;xx;xx;;;;;;;;xx;xx;xx;xx;xx;xx;xx;xx;xx;xx;xx;xx;xx;;lib/symbole/header.json;
CONN_MCU_SOCKET_IC51-0484-806;General;IC & Component Sockets 48Pin QFP Burn-in Skt 0.50 pitch - TRAV;Connector;J;48;18.60000;0.00000;Socket-QFP-48;Active;IC51-0484-806;Yamaichi Electronics;;;;;;;;;;;;;;;;;;;;;;;;;;lib/symbole/header.json;
CONN_SSW-105-02-G-S-RA-004;General;"Board to Board & Mezzanine Connectors .100"" Tiger Buy  Socket Strip - TRAV";Connector;J;5;2.41000;0.00000;SSW-105-02-G-S-RA;Passive;SSW-105-02-G-S-RA;SAMTEC;SSW-105-02-G-S-RA-004;xx;xx;xx;;;;;;;;xx;xx;xx;;xx;xx;xx;xx;xx;xx;2.54mm;xx;xx;;lib/symbole/header.json;
CONN_SSW-108-02-G-S-RA-007;General;CONN RCPT 8POS 0.1 GOLD PCB R/A - TRAV;Connector;J;8;2.41000;0.00000;SSW-108-02-G-S-RA;Passive;SSW-108-02-G-S-RA;SAMTEC;SSW-108-02-G-S-RA-007;xx;xx;xx;;;;;;;;xx;xx;xx;;xx;xx;xx;xx;xx;xx;2.54mm;xx;xx;;lib/symbole/header.json;
CONN_SSW_106-02-G-S-RA;General;".100"" Tiger Buy Socket Strip,  positions per row,  row";Connector;J;6;;;;Active;SSW-106-02-G-S-RA;SAMTEC;SSW-106-02-G-S-RA;;;;;;;;;;;;;;;;;;;;;;;;;lib/symbole/header.json;
CONN_USIM_693022010811;General;8 Position Card Connector Micro SIM, Right Angle Gold - SMD;Connector;J;10;1.95000;0.00000;MicroSIM;Passive;'693022010811;Wurth;'693022010811;;;;;;;;;;;;;;;;;;;;16.3mmx15.4mm;;;;;lib/symbole/header.json;
DIODE_1PS76SB40_115;General;NXP 1PS76SB40,115, Schottky Diode, 40V 120mA, 2-Pin SOD-323 - SMD;Diode;D;2;1.10000;0.00000;1PS76SB40;Passive;1PS76SB40;NEXPERIA;1PS76SB40,115;xx;xx;xx;;;;;;;;xx;xx;xx;xx;40V;xx;xx;xx;SOT323-SC-70;;;;;lib/empreinte/SC-70.json;lib/symbole/schottky.json;lib/simulation/diode.sub
DIODE_1PS79SB40;General;Schottky Diode - SOD523 (SC-79) - SMD - Reflow;Diode;D;2;1.05000;0.00000;1PS79SB40;Passive;1PS79SB40;NXP;xx;xx;xx;xx;;;;;;;;xx;xx;xx;xx;40V;xx;xx;xx;xx;xx;xx;xx;xx;;lib/symbole/schottky.json;lib/simulation/diode.sub
DIODE_B320-13-F;General;Diodes Inc B320-13-F, SMT Schottky Diode, 20V 3A, 2-Pin DO-214AB - SMD;Diode;D;2;2.50000;0.00000;B320-13-F;Passive;B320-13-F;Diodes Inc;B320-13-F;;;;;;;;;;;xx;xx;xx;xx;20V;3A;125;-55;DO-214AB-2;;;;;;lib/symbole/schottky.json;lib/simulation/diode.sub
DIODE_BAR43;General;Diode schottky fast switching and low turn-on voltage - SOT23L - SMD - Reflow;Diode;D;3;1.40000;0.00000;BAR43;Passive;BAR43FILM;ST;BAR43FILM;xx;xx;xx;;;;;;;;xx;250mW;xx;xx;30V;100mA;xx;xx;SOT23-3L;;;;;lib/empreinte/SOT-23.json;lib/symbole/schottky.json;lib/simulation/diode.sub
DIODE_BAR43C;General;Diode schottky fast switching and low turn-on voltage - SOT23L - SMD - Reflow;Diode;D;3;1.40000;0.00000;BAR43C;Passive;BAR43CFILM;ST;BAR43CFILM;xx;xx;xx;;;;;;;;xx;250mW;xx;xx;30V;100mA;xx;xx;SOT23-3L;;;;;lib/empreinte/SOT-23.json;lib/symbole/schottky.json;lib/simulation/diode.sub
DIODE_BAS16;General;Small Signal Switching Diodes SOT23-3 - SMD - Reflow;Diode;D;3;0.93000;0.00000;BAS16;Passive;BAS16,215;NEXPERIA;BZX84C4V7LT1G;xx;xx;xx;BAS16-E3-08_Vishay;BAS16-E3-08;Vishay;;;;;xx;350mW;xx;xx;100V;215mA;150;-65;SOT23-3;;;;;lib/empreinte/SOT-23.json;lib/symbole/diode.json;lib/simulation/diode.sub
DIODE_BAT54;General;Schottky Diodes & Rectifiers SOT23.0.2A 30V Schottky - SMD;Diode;D;3;1.10000;0.00000;BAT54;Passive;BAT54;Rectron;BAT54;;;;;;;;;;;;;;;30V;0.2A;;;;;;;;;lib/symbole/schottky.json;lib/simulation/diode.sub
DIODE_BAV99;General;High Conductance Ultra Fast Diode - SOT23 - SMD - Reflow;Diode;D;3;1.25000;0.00000;BAV99;Passive;BAV99;OPEN;xx;xx;xx;xx;;;;;;;;xx;350mW;xx;xx;70V;xx;xx;xx;SOT23;;;;;lib/empreinte/SOT-23.json;lib/symbole/diode.json;lib/simulation/diode.sub
DIODE_BAV199;General;High Conductance Ultra Fast Diode - SOT23 - SMD - Reflow;Diode;D;3;1.25000;0.00000;BAV199;Passive;BAV199;Nexperia;xx;xx;xx;xx;_Diodes;;Diodes;;;;;xx;250mW;xx;xx;75V;xx;xx;xx;SOT23;;;;;lib/empreinte/SOT-23.json;lib/symbole/diode.json;lib/simulation/diode.sub
DIODE_BZX84C4V7;General;Zener Diode - SOT23 - SMD - Reflow;Diode;D;3;0.93000;0.00000;Zener;Passive;BZX84C4V7LT1G;ONSEMI;BZX84C4V7LT1G;xx;xx;xx;;;;;;;;xx;350mW;;;4.7V;;;;SOT23;;;;;lib/empreinte/SOT-23.json;lib/symbole/zener.json;lib/simulation/diode.sub
DIODE_BZX38450-C1V8-Q;General;Zener Diode  1.8V CMS SOD-323-2 - SMD - Reflow;Diode;D;2;1.10000;0.00000;BZX38450-C1V8-Q;Passive;BZX38450-C1V8-Q;NEXPERIA;BZX38450-C1V8-Q;xx;xx;xx;;;;;;;;+/-5%;300mW;xx;xx;xx;xx;;;;;;;;;lib/symbole/zener.json;lib/simulation/diode.sub
DIODE_MMSZ5245BT1G;General;Zener Voltage 15V SOD123 - SMD;Diode;D;2;1.35000;0.00000;MMSZ5245BT1G;Passive;MMSZ5245BT1G;ON Semiconductor;MMSZ5245BT1G;xx;xx;xx;;;;;;;;xx;500mW;xx;xx;15V;xx;xx;xx;SOD123;xx;xx;xx;xx;lib/empreinte/SOD-123.json;lib/symbole/zener.json;lib/simulation/diode.sub
DIODE_PMEG1020EA-QX;General;PMEG1020EA-Q - 2 A ultra low VF Schottky barrier rectifier - SMD;Diode;D;2;1.10000;0.00000;PMEG1020EA;Passive;PMEG1020EA;NEXPERIA;PMEG1020EA;;;;;;;;;;;;;;;10V;;;;SC-76;;;;;;lib/symbole/schottky.json;lib/simulation/diode.sub
DIODE_RB411DT146;General;Rohm, Schottky Diode, RB411DT146, 40V 500mA, 3-Pin SOT-346 - SMD;Diode;D;3;1.40000;0.00000;RB411DT146;Passive;RB411DT146;ROHM;RB411DT146;xx;xx;xx;;;;;;;;xx;xx;xx;xx;xx;xx;xx;xx;xx;;;;;;lib/symbole/schottky.json;lib/simulation/diode.sub
DIODE_RB520S30T1G;General;DIODE SCHOTTKY 30V 200MA SOD523;Diode;D;2;0.70000;;;Passive;RB520S30T1G;Onsemi;RB520S30T1G;;;;;;;;;;;;;;;30V;;;;SOD-523;;;;;lib/empreinte/SOD-523.json;lib/symbole/schottky.json;lib/simulation/diode.sub
ESD_0603ESDA2-TR2;General;BUSSMANN - 0603ESDA2-TR2 - DIODE, ESD PROTECTION, 60V, 0.1PF - SMD;Diode;ESD;2;0.70000;0.00000;0603ESDA2-TR2;Passive;0603ESDA2-TR2;EATON;0603ESDA2-TR2;;;;;;;;;;;;;;;;;;;603;;;;;;lib/symbole/tvs_diode.json;lib/simulation/diode.sub
ESD_824001;General;Quad Uni-Directional TVS Diode Array, 6-Pin SOT-23-6 - SMD;Diode;ESD;6;1.45000;0.00000;'824001;Passive;'824001;WURTH;'824001;;;;824015_WURTH;'824015;WURTH;;;;;;;;;5V;5A;85;-55;SOT-23-6L;;;;;lib/empreinte/SOT-23-6.json;lib/symbole/tvs_diode.json;lib/simulation/diode.sub
ESD_ESDA6V1W5;General;TVS Diode Array Uni-Directional ESDA6V1W5 Quad, 150W, SOT-323 5-Pin - SMD;Diode;ESD;5;1.10000;0.00000;ESDA6V1W5;Active;ESDA6V1W5;STmicroelectronics;ESDA6V1W5;;;;;;;;;;;;;;;;;;;SOT323-5L;;;;;lib/empreinte/SOT-23-5.json;lib/symbole/tvs_diode.json;lib/simulation/diode.sub
ESD_GG0402050R3C2P;General;ESD Suppressors / TVS Diodes SMP Diode 0402 5vdc 0.3 pf <12v clamp@1a - SMD;Diode;ESD;2;0.55000;0.00000;GG0402050R3C2P;Passive;GG0402050R3C2P;AVX;GG0402050R3C2P;;;;CG0402MLC-05LGA_BOURNS;CG0402MLC-05LGA;BOURNS;;;;;;;;;5V;3A;;;402;;;;;;lib/symbole/tvs_diode.json;lib/simulation/diode.sub
ESD_NUP2201MR6T1G;General;Low Capacitance (3pF) - ESD Rating of Class 3B - UL Flammability Rating of 94 V-0 - SMD;Diode;ESD;6;1.10000;0.00000;NUP2201MR6T1G;Passive;NUP2201MR6T1G;ONSEMI;NUP2201MR6T1G;;;;NUP2114UCMR6T1G_ONSEMI;NUP2114UCMR6T1G;ONSEMI;;;;;;500mW;;;5V;8A;125;-40;TSOP-6;;;;;lib/empreinte/SOT-23-6.json;lib/symbole/tvs_diode.json;lib/simulation/diode.sub
ESD_PESD5V0S2UQ_115;General;Double ESD protection diodes in SOT663 package - SMD;Diode;ESD;3;0.60000;0.00000;PESD5V0S2UQ_115;Passive;PESD5V0S2UQ_115;NEXPERIA;PESD5V0S2UQ_115;xx;xx;xx;;;;;;;;xx;xx;xx;xx;5V;15A;xx;xx;SOT663;xx;xx;xx;xx;;lib/symbole/tvs_diode.json;lib/simulation/diode.sub
ESD_RCLAMP0582BQTCT;General;ESD Suppressors / TVS Diodes 2L 1PF 5V RCLAMP - SMD;Diode;ESD;3;0.90000;0.00000;RCLAMP0582BQTCT;Passive;RCLAMP0582BQTCT;SEMTECH;RCLAMP0582BQTCT;;;;;;;;;;;;300;;;5V;15A;;;SC-75 (SOT-523);;;;;;lib/symbole/tvs_diode.json;lib/simulation/diode.sub
ESD_SM712-02HTG;General;31V, 19V Clamp 19A (8/20s) Ipp Tvs Diode SOT-23-3 - SMD;Diode;ESD;3;1.12000;0.00000;SM712-02HTG;Passive;SM712-02HTG;LITTELFUSE;SM712-02HTG;;;;;;;;;;;;;;;;;;;SOT-23;;;;;lib/empreinte/SOT-23.json;lib/symbole/tvs_diode.json;lib/simulation/diode.sub
ESD_SM712_02HTG;General;ESD_SM712_02HTG;Diode;ESD;3;;;;Passive;SM712-02HTG;Littelfuse;SM712-02HTG;xx;xx;xx;;;;;;;;xx;600W;;;13.3V;19A;;;SOT23-3;;;;;lib/empreinte/SOT-23.json;lib/symbole/tvs_diode.json;lib/simulation/diode.sub
ESD_SMBJ18CA;General;SMBJ18CA, 18V Bi-Directional TVS Diode, 600W, 2-Pin DO-214AA 5W - SMD;Diode;ESD;2;2.44000;0.00000;SMBJ18CA;Passive;SMBJ18CA;LittelFuse;SMBJ18CA;;;;SMBJ18CA-TR_ST;SMBJ18CA-TR;ST;;;;;+/-5%;600W;;;18V;;;;DO-214AA-2;;;;;;lib/symbole/tvs_diode.json;lib/simulation/diode.sub
ESD_SMBJ24A;General;SMBJ24A, 24V Uni-Directional TVS Diode, 600W, 2-Pin DO-214AA 5% - SMD;Diode;ESD;2;2.44000;0.00000;SMBJ24A;Passive;SMBJ24A;Bourns;SMBJ24A;;;;;;;;;;;+/-5%;600W;;;24V;;;;DO-214AA-2;;;;;;lib/symbole/tvs_diode.json;lib/simulation/diode.sub
ESD_SMLJ33CA;General;Bourns SMLJ33CA, Bi-Directional TVS Diode, 3000W, 2-Pin  - SMD;Diode;ESD;2;2.62000;0.00000;SMLJ33CA;Passive;SMLJ33CA;Bourns;SMLJ33CA;;;;;;;;;;;;;;;33V;;;;DO-214AB-2;;;;;;lib/symbole/tvs_diode.json;lib/simulation/diode.sub
ESD_SR05_TCT;General;Semtech SR05.TCT, Uni-Directional TVS Diode Array, 500W, 4-Pin SOT-143 - SMD;Diode;ESD;4;1.20000;0.00000;SR05.TCT;Passive;SR05.TCT;SEMTECH;SR05.TCT;xx;xx;xx;;;;;;;;xx;500W;xx;xx;xx;xx;xx;xx;SOT-143;xx;xx;xx;xx;;lib/symbole/tvs_diode.json;lib/simulation/diode.sub
ESD_SRV05-4_TCT;General;Semtech SRV05-4.TCT, Uni-Directional TVS Diode Array, 300W, 6-Pin SOT-23-6 - SMD;Diode;ESD;6;1.45000;0.00000;SRV05-4;Passive;SRV05-4.TCT;SEMTECH;SRV05-4.TCT;xx;xx;xx;;;;;;;;xx;xx;xx;xx;xx;xx;xx;xx;SOT23-6;xx;xx;xx;xx;lib/empreinte/SOT-23-6.json;lib/symbole/tvs_diode.json;lib/simulation/diode.sub
FDS9934C;General;Q2: P-Channel -5 A, -20 V RDS(ON) = 55 m @ VGS = -4.5 V RDS(ON) = 90 m @ VGS = -2.5 V Q1: N-Channel 6.5 A, 20 V RDS(ON) = 30 m @ VGS = 4.5 V RDS(ON) = 43 m @ VGS = 2.5 V;Transistor;Q;8;1.75000;;;Active;;;;;;;;;;;;;;;;;;;;;;;;;;;;lib/symbole/nmos.json;lib/simulation/mosfet_n.sub
FUSE_0451_125MRSN;General;Fuses 125VAC 0.125A 1.7ohms 451 NANO2 - SMD;Fuse;F;2;2.94000;0.00000;125mA;Active;0451.125MRSN;LITTELFUSE INC;0451.125MRSN;;;;;;;;;;;;;;;;;;;;;;;;;lib/symbole/fuse.json;
FUSE_MF-NSMF035-2;General;Bourns 0.35A Resettable Fuse, 6V - SMD;Fuse;F;2;0.85000;0.00000;350mA;Active;MF-NSMF035-2;Bourns;MF-NSMF035-2;;;;;;;;;;;;;;;;;;;;;;;;;lib/symbole/fuse.json;
FUSE_MF-SM150_33-2;General;Fuse, PTC, Resettable,3425,1.5A,33V Bourns 1.5A - SMD;Fuse;F;2;3.00000;0.00000;1.5A;Active;MF-SM150/33-2;Bourns;MF-SM150/33-2;;;;;;;;;;;;;;;;;;;;;;;;;lib/symbole/fuse.json;
HLC_1020L/TP_TADIRAN;General;Lithium Intercalted coumpounds - TP finish version;Power;HLC;4;15.00000;5.00000;3.6V;Passive;HLC-1020L/TP;TADIRAN BATTERIES;xx;xx;xx;xx;HLC-1020L/PT2_;HLC-1020L/PT2;;;;;;xx;xx;xx;xx;3.67V;xx;xx;xx;xx;xx;xx;xx;xx;;lib/symbole/battery.json;
HLC_1530A/TP_TADIRAN;General;Lithium Intercalted coumpounds - TP finish version;Power;HLC;4;15.00000;5.00000;3.6V;Passive;HLC-1530A/TP;TADIRAN BATTERIES;xx;xx;xx;xx;HLC-1530A/PT2;HLC-1530A/PT2;;;;;;xx;xx;xx;xx;3.67V;xx;xx;xx;xx;xx;xx;xx;xx;;lib/symbole/battery.json;
IC_BMP390L;General;SENSOR PRESSURE ABS - SMD;Sensor;U;10;0.80000;0.00000;BMP390L;Active;BMP390L;BOSCH;BMP390L;xx;xx;xx;BMP384_BOSCH;BMP384;BOSCH;;;;;xx;xx;xx;+/-3Pa;1.8V-3.3V;xx;;;LGA-10Pins;;;;;;lib/symbole/ic.json;
IC_EEPROM_M24M02-DRMN6TP;General;STMicroelectronics EEPROM Memory, 2Mbit, 5.5 V, SOIC-8 - SMD;Integrated Circuit;U;8;1.75000;0.00000;M24M02-DRMN6TP;Active;M24M02-DRMN6TP;STMicroelectronics;M24M02-DRMN6TP;xx;xx;xx;;;;;;;;xx;xx;xx;xx;xx;xx;xx;;;;;;;;lib/symbole/ic.json;
IC_EL3H7_B_TA_-VG;General;Transistor Output Optocouplers 130-260CTR 3750Vrms - SMD;Integrated Circuit;U;4;2.00000;0.00000;EL3H7(B)(TA)-VG;Active;EL3H7(B)(TA)-VG;Everlight;EL3H7(B)(TA)-VG;xx;xx;xx;;;;;;;;xx;xx;xx;xx;xx;xx;xx;;;;;;;;lib/symbole/ic.json;
IC_ENS210;General;Relative Humidity and Temperature Sensor with IC Interface - SMD;Sensor;U;5;0.80000;0.00000;ENS210;Active;ENS210-LQFM;SCIOSENSE;ENS210;xx;xx;xx;;;;;;;;xx;xx;xx;+/-2%RH;1.7V-3.6V;xx;;;;;;;;;lib/symbole/ic.json;
IC_ESIM_STM_ST4SI3M004600HFW;General;GSMA eSIM for IoT system on chip solution for IoT environment;;IC;9;1.00000;;;Active;;;;;;;;;;;;;;;;;;;;;;;;;;;;lib/symbole/ic.json;
IC_FLASH_M95P08-IXMNT/E;General;M95P08-IXMNT/E, 8MB QSPI - SOIC-8 - SMD;Integrated Circuit;U;8;1.75000;0.00000;M95P08-IXMNT/E;Active;M95P08-IXMNT/E;STMicroelectronics;M95P08-IXMNT/E;xx;xx;xx;AT25XE081D-SSHN-T_Renesas;;;;;;;xx;xx;xx;xx;xx;xx;xx;xx;xx;xx;xx;;;;lib/symbole/ic.json;
IC_FXAS21002CQR1;General;Gyroscopes 3axis MEMS Gyroscope - NDIR-;Sensor;U;24;1.00000;0.00000;ACCELERO;Active;FXAS21002CQR1;NXP;FXAS21002CQ;xx;xx;xx;;;;;;;;xx;xx;xx;xx;xx;xx;xx;xx;xx;xx;xx;xx;xx;;lib/symbole/ic.json;
IC_GPS_L80-M39;General;L80 ultra compact GPS embedded 15.0mm  15.0mm  4.0mm patch antenna - SMD;Integrated Circuit;U;12;6.95000;0.00000;L80-M39;Active;QUEL80-M39-L80GR01A04;Quectel;QUEL80-M39-L80GR01A04;;;;;;;;;;;;;;;3V-4.3V;;85;-40;SMD-12;16x16mm;2.54mm;;;;lib/symbole/ic.json;
IC_HALL_A3212ELHLT-T;General;ALLEGRO MICROSYSTEMS - HALL EFFECT SWITCH 70G, 1mA, 3-SOT23 - SMD;Sensor;U;3;1.00000;0.00000;Capteur_Effet_Hall;Active;A3212ELHLT-T;ALLEGRO;xx;xx;xx;xx;MLX90248ESE-EBA-000-RE_MELEXIS;MLX90248ESE-EBA-000-RE;MELEXIS;;;;;xx;0.028mW;xx;;xx;xx;xx;xx;SOT23;xx;xx;xx;xx;lib/empreinte/SOT-23.json;lib/symbole/ic.json;
IC_HALL_CT8132SL-IS3;General;Board Mount Hall Effect / Magnetic Sensors Omnipolar, TMR, 250Hz - SMD;Sensor;U;3;1.35000;0.00000;Capteur_Effet_Hall;Active;CT8132SL-IS3;CROCUS TECH;xx;xx;xx;xx;;;;;;;;xx;xx;xx;xx;xx;xx;xx;xx;SOT23;xx;xx;xx;xx;lib/empreinte/SOT-23.json;lib/symbole/ic.json;
IC_HALL_LF22214TMR;General;Board Mount Hall Effect / Magnetic Sensors TMD SENS - SMD;Sensor;U;3;1.45000;0.00000;Capteur_Effet_Hall;Active;LF22214TMR;LITTELFUSE;xx;xx;xx;xx;;;;;;;;xx;xx;xx;xx;xx;xx;xx;xx;SOT23;xx;xx;xx;xx;lib/empreinte/SOT-23.json;lib/symbole/ic.json;
IC_IIS2MDCTR;General; IIS2MDCTR - MEMS MODULE, 3-AXIS MAGNETOMETER, LGA-12 - SMD;Sensor;U;12;0.70000;0.00000;IIS2MDCTR;Active;IIS2MDCTR;ST;IIS2MDCTR;;;;;;;;;;;;;;;;;;;LGA-12;;;;;;lib/symbole/ic.json;
IC_ISM330DLCTR;General;STMicroelectronics iNEMO inertial module: 3D accelerometer and 3D gyroscope - SMD;Sensor;U;14;0.83000;0.00000;Combo_ACCE/GYRO;Active;ISM330DLCTR;ST;ISM330DLCTR;;;;;;;;;;;;;;;1.7V-3.6V;;;;LGA-14;;;;;;lib/symbole/ic.json;
IC_MAX3222EAP+;General;Transceiver, RS-232 2-TX 2-RX 2-TRX, 20-Pin SSOP - SMD;Integrated Circuit;U;20;1.99000;0.00000;MAX3222EAP+;Active;MAX3222EAP+;Analog Devices;MAX3222EAP+;xx;xx;xx;;;;;;;;;;;;;;;;;;;;;;lib/symbole/ic.json;
IC_MAX6018AEUR18+;General;Voltage Reference - SOT23-3 - SMD;Integrated Circuit;U;3;1.12000;0.00000;1.8V;Active;MAX6018AEUR18+T;Analog devices;MAX6018AEUR18+T;;;;;;;;;;;;;;;;;;;SOT23-6;;;;;lib/empreinte/SOT-23-6.json;lib/symbole/ic.json;
IC_MCP1501T-33;General;Voltage Reference - 0.1% - 140uA supply current - 50ppm/C - SOT23-6 - SMD;Integrated Circuit;U;6;1.12000;0.00000;3.3V;Active;MCP1501T-33E/CHY;Microchip;MCP1501T-33E/CHY;;;;;;;;;;;+/-10%;;;50ppm/C;3.5/5.5V;;125;-40;SOT23-6;;;;;lib/empreinte/SOT-23-6.json;lib/symbole/ic.json;
IC_MFF2;General;eSIM IoT solution to enable cellular connectivity packages PG-VQFN-8-4 (MFF2) - SMD;Integrated Circuit;U;8;0.90000;0.00000;MFF2;Active;MFF2;OPEN;;;;;;;;;;;;;;;;;;;;;;;;;;lib/symbole/ic.json;
IC_RTC_PCF8563T;General;Real Time Clock - PCF8563T/5,518 - NXP - SOIC 8 - SMD;Integrated Circuit;U;8;1.75000;0.00000;PCF8563T/5,518;Active;PCF8563T/5,518;NXP;PCF8563T/5,518;;;;PCF8563T/F4,118_NXP;PCF8563T/F4,118;NXP;;;;;;;;;1.8V-5.5V;;85;-40;SOIC-8;;;;;lib/empreinte/SOIC-8.json;lib/symbole/ic.json;
IC_SCD41-D-R2;General;Air Quality Sensor CO2 Sensor 2.5V/3.3V/5V 20-Pin SMD;Sensor;U;21;6.80000;0.00000;;Active;SCD41-D-R2;SENSIRION;SCD41-D-R2;xx;xx;xx;;;;;;;;xx;xx;xx;+/-40ppm+5%;2.4V-5.5V;xx;;;;;;;;;lib/symbole/ic.json;
IC_SGP40-D-R4;General;Indoor Air Quality Sensors - SMD;Sensor;U;7;0.95000;0.00000;;Active;SGP40-D-R4;SENSIRION;SGP40-D-R4;xx;xx;xx;;;;;;;;xx;xx;xx;xx;1.7V-3.6V;xx;;;;;;;;;lib/symbole/ic.json;
IC_SHT40-AD1B-R2;General;4th Generation, High-Accuracy, Ultra Low Power, 16-Bit RH and Temperature - SMD;Sensor;U;4;0.59000;0.00000;SHT40-AD;Active;SHT40-AD1B-R2;SENSIRION;SHT40-AD1B-R2;;;;;;;;;;;;;;;;;;;;;;;;;lib/symbole/ic.json;
IC_SHTC3;General;Humidity and Temperature Sensor IC - SMD;Sensor;U;5;0.75000;0.00000;SHTC3;Active;SHTC3;SENSIRION;SHTC3;xx;xx;xx;;;;;;;;xx;xx;xx;+/-2%RH;1.6V-3.6V;;;;;;;;;;lib/symbole/ic.json;
IC_SIM-ST-MFF2;General;GLOBAL IOT EMBEDDED SIM CHIP - SMD;Integrated Circuit RF;U;9;;;;Active;SIM-ST-MFF2;Hologram, Inc.;SIM-ST-MFF2;xx;xx;xx;;;;;;;;xx;xx;xx;xx;xx;xx;xx;xx;xx;xx;xx;;;;lib/symbole/ic.json;
IC_STTS22HTR;General;Board Mount Temperature Sensors - SMD;Sensor;U;7;0.55000;0.00000;STTS22HTR;Active;STTS22HTR;STmicroelectronics;STTS22HTR;;;;;;;;;;;;;;;;;;;UDFN-6;;;;;;lib/symbole/ic.json;
IC_TPS61094DSSR;General;TPS61094 Bi-directional Buck/Boost Converter with Bypass Mode - SMD;Power;U;13;0.80000;0.00000;ADJ;Active;TPS61094DSSR;TEXAS INSTRUMENTS;TPS61094DSSR;xx;xx;xx;;;;;;;;xx;xx;xx;xx;0.7V-5.5V;xx;125C;-40C;WSON-13;xx;xx;xx;xx;;lib/symbole/ic.json;
IC_USB2513B-I_M2_USBC_CONTROLLER;General;USB Hub Controller USB 2.0 USB Interface 36-SQFN (6x6) - SMD;Integrated Circuit;U;37;1.00000;0.00000;USB2513B-I/M2;Active;USB2513B-I/M2;Microchip;USB2513B-I/M2;;;;;;;;;;;;;;;3-3.6V;65mA;85;-40;SQFN-36;6x6x1mm;0.5mm;;;;lib/symbole/ic.json;
IC_VL53L1CX;General;Long distance ranging Time-of-Flight sensor - SMD;Sensor;U;12;1.00000;0.00000;VL53L1CXV0FY/1;Active;VL53L1CXV0FY/1;STmicroelectronics;;;;;;;;;;;;;;;;;;;;;4.9*2.5*1.56mm;;;;;lib/symbole/ic.json;
IC_ZMOD4410AI1R;General;Indoor COV air sensor - SMD;Sensor;U;12;0.77000;0.00000;;Active;ZMOD4410AI1R;RENESAS;ZMOD4410AI1R;xx;xx;xx;;;;;;;;xx;xx;xx;xx;1.7V-3.6V;;;;LGA-12;;;;;;lib/symbole/ic.json;
IC_ZMOD4510AI1V;General;OUTDOOR AIR QUALITY GAS SENSOR MODULE - SMD;Sensor;U;12;0.77000;0.00000;;Active;ZMOD4510AI1V;RENESAS;ZMOD4510AI1V;xx;xx;xx;;;;;;;;xx;xx;xx;xx;1.7V-3.6V;;;;LGA-12;;;;;;lib/symbole/ic.json;
IC_ZXCT1009FTA;General;IC Current sensing - 1% - SOT 23-3 - SMD;Sensor;U;3;1.35000;0.00000;ZXCT1009FTA;Active;ZXCT1009FTA;DIODES;ZXCT1009FTA;xx;xx;xx;;;;;;;;xx;xx;xx;xx;xx;xx;xx;xx;SOT23-3;xx;xx;xx;xx;lib/empreinte/SOT-23.json;lib/symbole/ic.json;
INTP_B3S-1000;General;Switche SPST GEN PURPOSE - 6mmx6.6mm - SMD;Switch;SW;4;4.30000;0.00000;B3S-1000;Passive;B3S-1000;OMRON;B3S-1000;;;;DTSM-61N-V-T/R_Diptronics;DTSM-61N-V-T/R;Diptronics;;;;;;;;;;;;;;6mmx6.6mm;;;;;lib/symbole/switch.json;
INTP_CJS-1200A1;General;SWITCH SLIDE SPDT 100MA 6V - SMD;Switch;SW;3;2.50000;0.00000;xx;Passive;CJS-1200A1;Copal Electronics;CJS-1200A1;xx;xx;xx;;;;;;;;xx;xx;xx;;xx;xx;xx;xx;xx;xx;xx;xx;xx;;lib/symbole/switch.json;
INTP_FSM4JSMATR;General;Switch,SPST,raised actuator - SMD;Connector;SW;4;5.15000;0.10000;FSM4JSMATR;Passive;FSM4JSMATR;TE Connectivity;FSM4JSMATR;xx;xx;xx;;;;;;;;;;;;;;;;;;;;;;lib/symbole/switch.json;
INTP_M2011SS1W03;General;Switch SPST Small Bat Lever PC Pins 6A 250VAC 30VDC - TRAV;Switch;SW;3;30.00000;2.00000;M2011SS1W03;Passive;M2011SS1W03 ;NKK SWICHES;M2011SS1W03;xx;xx;xx;;;;;;;;xx;xx;xx;;xx;xx;xx;xx;xx;xx;xx;xx;xx;;lib/symbole/switch.json;
INTP_MJTP1138A;General;TE CONNECTIVITY / ALCOSWITCH - 6mmx6mm - SWITCH, SPST, 0.05A, 24VDC - SMD;Switch;SW;4;4.39000;0.00000;MJTP1138A;Passive;MJTP1138A;TE Connectivity;3-1437565-0;xx;xx;xx;;;;;;;;xx;xx;xx;xx;xx;xx;xx;xx;xx;6mmx6mm;xx;xx;xx;;lib/symbole/switch.json;
L0201_1.7nH_BOB_+/-0.1nH_MURATA;General;LQP03HQ_02 Series Inductor 1.7nH +/-0.1nH 0201 (0603) - SMD;Inductor;L;2;0.42000;0.00000;1.7nH;Passive;LQP03HQ1N7B02D;MURATA;xx;xx;Ceramic Wire Wound;xx;;;;;;;;+/-0.1nH;xx;xx;;xx;xx;xx;xx;0201L;xx;xx;xx;xx;lib/empreinte/0201.json;lib/symbole/inductor.json;lib/simulation/inductor.sub
L0201_2.5nH_BOB_5%_COILCRAFT;General;Wire wound inductor - CMS Type 0201 - Reflow;Inductor;L;2;0.50000;0.00000;2.5nH;Passive;0201DS-2N5XJEW;COILCRAFT;xx;xx;Ceramic Wire Wound;xx;;;;;;;;+/-5%;xx;xx;;xx;xx;xx;xx;0201L;xx;xx;xx;xx;lib/empreinte/0201.json;lib/symbole/inductor.json;lib/simulation/inductor.sub
L0201_9.1nH_BOB_5%_MU;General;Wire wound inductor - CMS Type 0201 - Reflow;Inductor;L;2;0.50000;0.00000;9.1nH;Passive;LQW03AW9N1J00D;MURATA;xx;xx;Ceramic Wire Wound;xx;;;;;;;;+/-5%;xx;xx;;xx;xx;xx;xx;0201L;xx;xx;xx;xx;lib/empreinte/0201.json;lib/symbole/inductor.json;lib/simulation/LQW15AN9N1H00.sub
L0201_16nH_BOB_+/-3%_MURATA;General;LQP03TN_02 Series Inductor 16nH +/-3% - CMS Type 0201 - Reflow;Inductor;L;2;0.33000;0.00000;16nH;Passive;LQP03TN16NH02D;MURATA;xx;xx;Ceramic Wire Wound;xx;;;;;;;;+/-3%;xx;xx;xx;xx;xx;xx;xx;0201L;xx;xx;xx;xx;lib/empreinte/0201.json;lib/symbole/inductor.json;lib/simulation/inductor.sub
L0201_Bead_14R800M_MURATA;General;Ferrite inductor - CMS Type 0201 - Reflow;Bead;L;2;0.50000;0.00000;BEAD;Passive;BLM03AX100SN1D;MURATA;xx;xx;Ceramic;xx;;;;;;;;+/-25%;xx;xx;;xx;xx;xx;xx;0201L;xx;xx;xx;xx;lib/empreinte/0201.json;lib/symbole/ferrite_bead.json;lib/simulation/inductor.sub
L0402_2.4nH_BOB_MURATA;General;Wire wound inductor - CMS Type 0402 - Reflow;Inductor;L;2;0.50000;0.00000;2.4nH;Passive;LQW15AN2N4B00D;MURATA;xx;xx;Ceramic Wire Wound;xx;;;;;;;;+/-0.1nH;xx;xx;;xx;xx;xx;xx;0402L;xx;xx;xx;xx;lib/empreinte/0402.json;lib/symbole/inductor.json;lib/simulation/LQW15AN2N4B00.sub
L0402_2.5nH_BOB_MURATA;General;Wire wound inductor - CMS Type 0402 - Reflow;Inductor;L;2;0.50000;0.00000;2.5nH;Passive;LQW15AN2N5C00D;MURATA;xx;xx;Ceramic Wire Wound;xx;;;;;;;;+/-0.2nH;xx;xx;;xx;xx;xx;xx;0402L;xx;xx;xx;xx;lib/empreinte/0402.json;lib/symbole/inductor.json;lib/simulation/LQW15AN2N5C00.sub
L0402_2.6nH_BOB_MURATA;General;Wire wound inductor - CMS Type 0402 - Reflow;Inductor;L;2;0.50000;0.00000;2.6nH;Passive;LQW04AN2N6C00D;MURATA;xx;xx;Ceramic Wire Wound;xx;;;;;;;;+/-0.2nH;xx;xx;;xx;xx;xx;xx;0402L;xx;xx;xx;xx;lib/empreinte/0402.json;lib/symbole/inductor.json;lib/simulation/LQW15AN2N5C00.sub
L0402_2.7nH_BOB_3%_MURATA;General;Wire wound inductor - CMS Type 0402 - Reflow;Inductor;L;2;0.50000;0.00000;2.7nH;Passive;LQW15AN2N7B00D;MURATA;xx;xx;Ceramic Wire Wound;xx;;;;;;;;+/-0.1nH;xx;xx;;xx;xx;xx;xx;0402L;xx;xx;xx;xx;lib/empreinte/0402.json;lib/symbole/inductor.json;lib/simulation/LQW15AN2N7B00.sub
L0402_2.7nH_BOB_MURATA;General;Wire wound inductor - CMS Type 0402 - Reflow;Inductor;L;2;0.50000;0.00000;2.7nH;Passive;LQW15AN2N7C00D;MURATA;xx;xx;Ceramic Wire Wound;xx;;;;;;;;+/-0.2nH;xx;xx;;xx;xx;xx;xx;0402L;xx;xx;xx;xx;lib/empreinte/0402.json;lib/symbole/inductor.json;lib/simulation/LQW15AN2N7C00.sub
L0402_3.3nH_BOB_MURATA;General;Wire wound inductor - CMS Type 0402 - Reflow;Inductor;L;2;0.50000;0.00000;3.3nH;Passive;LQW15AN3N3C10D;MURATA;xx;xx;Ceramic Wire Wound;xx;;;;;;;;+/-0.2nH;xx;xx;;xx;xx;xx;xx;0402L;xx;xx;xx;xx;lib/empreinte/0402.json;lib/symbole/inductor.json;lib/simulation/LQW15AN3N3C10.sub
L0402_3.6nH_BOB_MURATA;General;Wire wound inductor - CMS Type 0402 - Reflow;Inductor;L;2;0.50000;0.00000;3.6nH;Passive;LQW15AN3N6C80D;MURATA;xx;xx;Ceramic Wire Wound;xx;;;;;;;;+/-0.2nH;xx;xx;;xx;xx;xx;xx;0402L;xx;xx;xx;xx;lib/empreinte/0402.json;lib/symbole/inductor.json;lib/simulation/LQW15AN3N6C80.sub
L0402_3.9nH_BOB_MURATA;General;Wire wound inductor - CMS Type 0402 - Reflow;Inductor;L;2;0.50000;0.00000;3.9nH;Passive;LQW15AN3N9B00D;MURATA;xx;xx;Ceramic Wire Wound;xx;;;;;;;;+/-0.1nH;xx;xx;;xx;xx;xx;xx;0402L;xx;xx;xx;xx;lib/empreinte/0402.json;lib/symbole/inductor.json;lib/simulation/LQW15AN3N9B00.sub
L0402_3nH_BOB_MURATA;General;Wire wound inductor - CMS Type 0402 - Reflow;Inductor;L;2;0.50000;0.00000;3nH;Passive;LQW15AN3N0B00D;MURATA;xx;xx;Ceramic Wire Wound;xx;;;;;;;;+/-0.1nH;xx;xx;;xx;xx;xx;xx;0402L;xx;xx;xx;xx;lib/empreinte/0402.json;lib/symbole/inductor.json;lib/simulation/LQW15AN3N0B00.sub
L0402_4.2nH_BOB_2%_MURATA;General;Wire wound inductor - CMS Type 0402 - Reflow;Inductor;L;2;0.50000;0.00000;4.2nH;Active;LQW15AN4N2B80D;MURATA;xx;xx;Ceramic Wire wound;xx;;;;;;;;+/-2%;xx;xx;xx;xx;xx;xx;xx;0402L;xx;xx;xx;xx;lib/empreinte/0402.json;lib/symbole/inductor.json;lib/simulation/LQW15AN4N2B80.sub
L0402_4.7nH_BOB_MURATA;General;Wire wound inductor - CMS Type 0402 - Reflow;Inductor;L;2;0.50000;0.00000;4.7nH;Passive;LQW15AN4N7C00D;MURATA;LQW15AN4N7C00D;xx;Ceramic Wire Wound;xx;;;;;;;;+/-0.2nH;xx;xx;;xx;xx;xx;xx;0402L;xx;xx;xx;xx;lib/empreinte/0402.json;lib/symbole/inductor.json;lib/simulation/LQW15AN4N7C00.sub
L0402_5.6nH_BOB_2%_MURATA;General;Wire wound inductor - CMS Type 0402 - Reflow;Inductor;L;2;0.50000;0.00000;5.6nH;Active;LQW15AN5N6C10D;MURATA;xx;xx;Ceramic Wire wound;xx;;;;;;;;+/-2%;xx;xx;xx;xx;xx;xx;xx;0402L;xx;xx;xx;xx;lib/empreinte/0402.json;lib/symbole/inductor.json;lib/simulation/LQW15AN5N6C10.sub
L0402_7.5nH_BOB_MURATA;General;Wire wound inductor - CMS Type 0402 - Reflow;Inductor;L;2;0.50000;0.00000;7.5nH;Passive;LQW15AN7N5G00D;MURATA;xx;xx;Ceramic Wire Wound;xx;;;;;;;;+/-2%;xx;xx;;xx;xx;xx;xx;0402L;xx;xx;xx;xx;lib/empreinte/0402.json;lib/symbole/inductor.json;lib/simulation/LQW15AN7N5G00.sub
L0402_8.2nH_BOB_2%_MURATA;General;Wire wound inductor - CMS Type 0402 - Reflow;Inductor;L;2;0.50000;0.00000;8.2nH;Active;LQW15AN8N2G00D;MURATA;xx;xx;Ceramic Wire wound;xx;;;;;;;;+/-2%;xx;xx;xx;xx;xx;xx;xx;0402L;xx;xx;xx;xx;lib/empreinte/0402.json;lib/symbole/inductor.json;lib/simulation/LQW15AN8N2G00.sub
L0402_9.1nH_BOB_3%_MURATA;General;Wire wound inductor - CMS Type 0402 - Reflow;Inductor;L;2;0.50000;0.00000;9.1nH;Passive;LQW15AN9N1H00;MURATA;xx;xx;Ceramic Wire Wound;xx;;;;;;;;+/-3%;xx;xx;;xx;xx;xx;xx;0402L;xx;xx;xx;xx;lib/empreinte/0402.json;lib/symbole/inductor.json;lib/simulation/LQW15AN9N1H00.sub
L0402_9.5nH_BOB_3%_MURATA;General;Wire wound inductor - CMS Type 0402 - Reflow;Inductor;L;2;0.50000;0.00000;9.5nH;Passive;LQW15AN9N5J80D;MURATA;xx;xx;Ceramic Wire Wound;xx;;;;;;;;+/-5%;xx;xx;;xx;xx;xx;xx;0402L;xx;xx;xx;xx;lib/empreinte/0402.json;lib/symbole/inductor.json;lib/simulation/LQW15AN9N5J80.sub
L0402_10nH_BOB_2%_MURATA;General;Wire wound inductor - CMS Type 0402 - Reflow;Inductor;L;2;0.50000;0.00000;10nH;Active;LQW15AN10NG00D;MURATA;xx;xx;Ceramic Wire Wound;xx;;;;;;;;+/-2%;xx;xx;xx;xx;xx;xx;xx;0402L;xx;xx;xx;xx;lib/empreinte/0402.json;lib/symbole/inductor.json;lib/simulation/LQW15AN10NG00.sub
L0402_10nH_LAY_5%_MURATA;General;Multilayer inductor - CMS Type 0402 - Reflow;Inductor;L;2;0.50000;0.00000;10nH;Active;LQG15HN10NJ02;MURATA;LQG15HN10NJ02D;xx;Multilayer;xx;LRC0402CJ10NGV001T_Johanson;LRC0402CJ10NGV001T;Johanson;;;;;+/-5%;xx;100MHz;xx;xx;500mA;125;-55;0402L;xx;xx;xx;xx;lib/empreinte/0402.json;lib/symbole/inductor.json;lib/simulation/inductor.sub
L0402_11nH_BOB_2%_MURATA;General;Wire wound inductor - CMS Type 0402 - Reflow;Inductor;L;2;0.50000;0.00000;11nH;Passive;LQW15AN11NG00D;MURATA;xx;xx;Ceramic Wire Wound;xx;;;;;;;;+/-2%;xx;xx;;xx;xx;xx;xx;0402L;xx;xx;xx;xx;lib/empreinte/0402.json;lib/symbole/inductor.json;lib/simulation/LQW15AN11NG00.sub
L0402_12nH_BOB_2%_MURATA;General;Wire wound inductor - CMS Type 0402 - Reflow;Inductor;L;2;0.50000;0.00000;12nH;Passive;LQW15AN12NG00D;MURATA;xx;xx;Ceramic Wire Wound;xx;;;;;;;;+/-2%;xx;xx;;xx;xx;xx;xx;0402L;xx;xx;xx;xx;lib/empreinte/0402.json;lib/symbole/inductor.json;lib/simulation/LQW15AN12NG00.sub
L0402_15nH_BOB_3%_MURATA;General;Wire wound inductor - CMS Type 0402 - Reflow;Inductor;L;2;0.50000;0.00000;15nH;Passive;LQW15AN15NH00;MURATA;xx;xx;Ceramic Wire Wound;xx;;;;;;;;+/-3%;xx;xx;;xx;xx;xx;xx;0402L;xx;xx;xx;xx;lib/empreinte/0402.json;lib/symbole/inductor.json;lib/simulation/LQW15AN15NH00.sub
L0402_16nH_BOB_3%_MURATA;General;Wire wound inductor - CMS Type 0402 - Reflow;Inductor;L;2;0.50000;0.00000;16nH;Passive;LQW15AN16NG80D;MURATA;xx;xx;Ceramic Wire Wound;xx;;;;;;;;+/-2%;xx;xx;;xx;xx;xx;xx;0402L;xx;xx;xx;xx;lib/empreinte/0402.json;lib/symbole/inductor.json;lib/simulation/LQW15AN16NG80.sub
L0402_18nH_BOB_3%_MURATA;General;Wire wound inductor - CMS Type 0402 - Reflow;Inductor;L;2;0.50000;0.00000;18nH;Passive;LQW15AN18NG80D;MURATA;xx;xx;Ceramic Wire Wound;xx;;;;;;;;+/-2%;xx;xx;;xx;xx;xx;xx;0402L;xx;xx;xx;xx;lib/empreinte/0402.json;lib/symbole/inductor.json;lib/simulation/LQW15AN18NG80.sub
L0402_20nH_BOB_5%_TY;General;Wire wound inductor - CMS Type 0402 - Reflow;Inductor;L;2;0.50000;0.00000;20nH;Passive;LQG15WZ20NG02D;MURATA;xx;xx;Ceramic Wire Wound;xx;;;;;;;;+/-5%;xx;xx;;xx;xx;xx;xx;0402L;xx;xx;xx;xx;lib/empreinte/0402.json;lib/symbole/inductor.json;lib/simulation/inductor.sub
L0402_22nH_BOB_5%_TY;General;Wire wound inductor - CMS Type 0402 - Reflow;Inductor;L;2;0.50000;0.00000;22nH;Passive;HK100522NJ-T;Taiyo Yuden;xx;xx;Ceramic Wire Wound;xx;LQW15AN22NJ00D_MURATA;LQW15AN22NJ00D;MURATA;;;;;+/-5%;xx;xx;;xx;xx;xx;xx;0402L;xx;xx;xx;xx;lib/empreinte/0402.json;lib/symbole/inductor.json;lib/simulation/inductor.sub
L0402_33nH_BOB_2%_MURATA;General;Wire wound inductor - CMS Type 0402 - Reflow;Inductor;L;2;0.50000;0.00000;33nH;Active;LQW15AN33NG00D;MURATA;xx;xx;Ceramic Wire Wound;xx;;;;;;;;+/-2%;xx;xx;xx;xx;xx;xx;xx;0402L;xx;xx;xx;xx;lib/empreinte/0402.json;lib/symbole/inductor.json;lib/simulation/LQW15AN33NG00.sub
L0402_39nH_BOB_3%_MURATA;General;Wire wound inductor - CMS Type 0402 - Reflow;Inductor;L;2;0.50000;0.00000;39nH;Active;LQW15AN39NH00;MURATA;xx;xx;Ceramic Wire Wound;xx;;;;;;;;+/-3%;xx;xx;xx;xx;xx;xx;xx;0402L;xx;xx;xx;xx;lib/empreinte/0402.json;lib/symbole/inductor.json;lib/simulation/LQW15AN39NH00.sub
L0402_47nH_BOB_3%_MURATA;General;Wire wound inductor - CMS Type 0402 - Reflow;Inductor;L;2;0.50000;0.00000;47nH;Passive;LQW15AN47NH00D;MURATA;xx;xx;Ceramic Wire Wound;xx;;;;;;;;+/-3%;xx;xx;;xx;xx;xx;xx;0402L;xx;xx;xx;xx;lib/empreinte/0402.json;lib/symbole/inductor.json;lib/simulation/LQW15AN47NH00.sub
L0402_82nH_BOB_3%_MURATA;General;Wire wound inductor - CMS Type 0402 - Reflow;Inductor;L;2;0.50000;0.00000;82nH;Passive;LQG15HN82NJ02;MURATA;xx;xx;Ceramic Wire Wound;xx;;;;;;;;+/-3%;xx;xx;;xx;xx;xx;xx;0402L;xx;xx;xx;xx;lib/empreinte/0402.json;lib/symbole/inductor.json;lib/simulation/inductor.sub
L0402_Bead_16R800M_MURATA;General;Ferrite inductor - CMS Type 0402 - Reflow;Bead;L;2;0.50000;0.00000;BEAD;Passive;BLM15PG100SN1D;MURATA;xx;xx;Ceramic;xx;;;;;;;;+/-25%;xx;xx;;xx;1A;xx;xx;0402L;xx;xx;xx;xx;lib/empreinte/0402.json;lib/symbole/ferrite_bead.json;lib/simulation/inductor.sub
L0402_Bead_110R800M_MURATA;General;Ferrite inductor - CMS Type 0402 - Reflow;Bead;L;2;0.50000;0.00000;BEAD;Passive;BLM15AG700SH1;MURATA;xx;xx;Ceramic;xx;742792716_WURTH;'742792716;WURTH;;;;;xx;xx;xx;;xx;500mA;xx;xx;0402L;;;;;lib/empreinte/0402.json;lib/symbole/ferrite_bead.json;lib/simulation/inductor.sub
L0603_2.2uH_Power_Inductor_20%_MURATA;General;LQM18PH_FR Series Inductor 2.2uH +/-20% 0603 (1608);Inductor;L;2;0.95000;;2.2uH;Passive;LQM18PH2R2MFRL;MURATA;LQM18PH2R2MFRL;;;;;MAF06032R2M-1A;Laird Technologies;;;;;+/-20%;;;;;;;;;;;;;;lib/symbole/inductor.json;lib/simulation/inductor.sub
L0603_2u2_BOB_20%_MURATA;General;LQM18PZ_FH Series Inductor 2.2uH +/-20% - CMS Type 0603 - Reflow;Inductor;L;2;0.95000;0.00000;2.2uH;Passive;LQM18PZ2R2MFHD;MURATA;xx;xx;Ceramic;xx;;;;;;;;+/-20%;xx;xx;;xx;xx;xx;xx;0603L;xx;xx;xx;xx;lib/empreinte/0603.json;lib/symbole/inductor.json;lib/simulation/inductor.sub
L0603_82nH_CERA_MU;General;Wire wound inductor - CMS Type 0603 - Reflow;Bead;L;2;0.50000;0.00000;82nH;Passive;LQG18HN82NJ00;Murata;xx;xx;Ceramic;xx;74478617_Wuerth;'74478617;Wuerth;;;;;xx;xx;xx;;xx;xx;xx;xx;0603L;xx;xx;xx;xx;lib/empreinte/0603.json;lib/symbole/inductor.json;lib/simulation/inductor.sub
L0603_BEAD_140R100M_Wurth;General;Ferrite inductor 140Ohms@100MHz - CMS Type 0603 - Reflow;Bead;L;2;0.80000;0.00000;;Passive;'742792621;WURTH ELEK.;742792621;xx;Ceramic;xx;;;;;;;;+/-25%;xx;100MHz;;xx;0.55A;125;-55;0603L;xx;xx;xx;xx;lib/empreinte/0603.json;lib/symbole/ferrite_bead.json;lib/simulation/inductor.sub
L0603_Bead_110R650M_Wurth;General;Wire wound inductor - CMS Type 0603 - Reflow;Bead;L;2;0.50000;0.00000;BEAD;Passive;'74279267;WURTH ELEK.;'74279267;xx;Ceramic;xx;BLM18AG102SN1_MURATA;BLM18AG102SN1;MURATA;;;;;xx;xx;xx;;xx;xx;xx;xx;0603L;xx;xx;xx;xx;lib/empreinte/0603.json;lib/symbole/inductor.json;lib/simulation/inductor.sub
L0603_Bead_1000R100M_Wurth;General;Wire wound inductor 1KOhms@100MHz - CMS Type 0603 - Reflow;Bead;L;2;0.50000;0.00000;BEAD;Passive;'74279266;WURTH ELEK.;'74279266;xx;Ceramic;xx;BLM18RK102SN1D_MURATA;BLM18RK102SN1D;MURATA;;;;;+/-25%;xx;100MHz;;xx;200mA;125;-55;0603L;xx;xx;xx;xx;lib/empreinte/0603.json;lib/symbole/inductor.json;lib/simulation/inductor.sub
L0805_15uH_CERA_20%_TDK;General;Ceramic inductor - CMS Type 0805 - Reflow;Inductor;L;2;1.25000;0.00000;15uH;Passive;MLZ2012N150LT000;TDK;xx;xx;Ceramic;xx;LQM21DN150M70L_MURATA;LQM21DN150M70L;MURATA;;;;;+/-20%;xx;xx;;xx;350mA;xx;xx;0805L;;xx;xx;xx;lib/empreinte/0805.json;lib/symbole/inductor.json;lib/simulation/inductor.sub
L0805_Bead_100R100M_Wurth;General;Wire wound inductor 100Ohms@100MHz - CMS Type 0805 - Reflow;Bead;L;2;0.90000;0.00000;BEAD;Passive;'74279207;WURTH ELEK.;'74279207;xx;Ceramic;xx;;;;;;;;+/-25%;xx;100MHz;;xx;800mA;125;-55;0805L;xx;xx;xx;xx;lib/empreinte/0805.json;lib/symbole/inductor.json;lib/simulation/inductor.sub
L1812_Bead_880R100M_Wurth;General;Wire wound inductor 880Ohms@100MHz - CMS Type 1812 - Reflow;Bead;L;2;1.50000;0.00000;BEAD;Passive;'74279252;WURTH ELEK.;'74279252;xx;Ceramic;;;;;;;;;+/-25%;xx;100MHz;;xx;4A;125;-55;1812L;;;;;lib/empreinte/1812.json;lib/symbole/inductor.json;lib/simulation/inductor.sub
L_2.2uH_XGL4020-222MEC;General;Power Inductor, shielded, composite, 20% tol - SMD - Reflow;Inductor;L;2;2.10000;0.00000;2.2uH;Passive;XGL4020-222ME;COILCRAFT;XGL4020-222ME;;Composite;;74438356022_WURTH;'74438356022;WURTH;;;;;+/-20%;;40MHz;;;;;;;;;;;;lib/symbole/inductor.json;lib/simulation/inductor.sub
L_4.7uH_CLF7045NIT-4R7N-D;General;Inductor (Coils), L=4.7uH - 30% - L x W x T :7x7.4x4.5mm - SMD;Inductor;L;2;4.50000;0.00000;4.7uH;Passive;CLF7045NIT-4R7N-D;TDK;CLF7045NIT-4R7N-D;xx;Ferrite;;;;;;;;;+/-30%;;100KHZ;;;4.1A;150;-55;;7x7.4x4.5mm;;;;;lib/symbole/inductor.json;lib/simulation/inductor.sub
L_4.7uH_XFL3012-472MEB;General;Fixed Inductors 4.7uH 20% 1.4A .171mOhms AEC-Q200 - SMD;Inductor;L;2;1.30000;0.00000;4.7uH;Passive;XFL3012-472ME_ ;COILCRAFT;XFL3012-472ME_ ;;Composite;;;;;;;;;+/-20%;;52.6MHz;;;;;;;;;;;;lib/symbole/inductor.json;lib/simulation/inductor.sub
L_10uH_74477110;General;Wire-wound Inductor with a Ferrite Core, 10 uH +/-20% 5A Idc - SMD;Inductor;L;2;6.00000;0.00000;10uH;Passive;'74477110;Wurth;'74477110;xx;Ferrite;xx;PCS125MT100_VIKING;PCS125MT100;Viking;;;;;+/-20%;xx;21.5MHz;xx;xx;5A;;;;12x12mm;;;;;lib/symbole/ferrite_bead.json;lib/simulation/inductor.sub
L_CM_5mH_7448011305_WU;General;Bobines / filtres en mode commun WE-CMBNC Type XS Nancrystl 10kHz 1.3A - TRAV;Inductor;L;4;16.00000;0.00000;5.0mH;Active;'7448011305;WURTH;'7448011305;xx;BOB;xx;;;;;;;;'-30/+50%;xx;xx;xx;250V;1.3A;125;-40;xx;;;;;;lib/symbole/inductor.json;lib/simulation/inductor.sub
LED_CMS-0603-ROUGE;General;LED Rouge (Vf=2.1V) - Type 0603 - SMD - Reflow;LED;LED;2;0.70000;0.00000;RED;Active;598-8010-107F;DIALIGHT;xx;xx;xx;xx;;OPEN;OPEN;;;;;xx;70mW;xx;;xx;xx;xx;xx;0603R;xx;xx;xx;xx;lib/empreinte/0603.json;lib/symbole/led.json;lib/simulation/diode.sub
LED_CMS-0603-VERTE;General;LED Verte (Vf=3.2V) - Type 0603 - SMD - Reflow;LED;LED;2;0.70000;0.00000;Green;Active;598-8081-107F;DIALIGHT;xx;xx;xx;xx;;OPEN;OPEN;;;;;xx;70mW;xx;;xx;xx;xx;xx;0603R;xx;xx;xx;xx;lib/empreinte/0603.json;lib/symbole/led.json;lib/simulation/diode.sub
LED_CMS_0805-VERTE;General;LED Green Water Clr 40mcd 570nm - SMD - Reflow;LED;LED;2;0.70000;0.00000;Green;Active;598-8170-107F;Dialight;598-8170-107F;xx;xx;xx;;;;;;;;xx;xx;xx;xx;xx;xx;xx;xx;xx;xx;xx;xx;xx;;lib/symbole/led.json;lib/simulation/diode.sub
LED_CMS_1206_VERT_WL-SMCW;General;LED Green 570nm - Discrete 2V - Type 1206 - SMD - Reflow;LED;LED;2;0.70000;0.00000;GREEN;Active;'150120VS75000;WUERTH;'150120VS75000;;;;BL-HGE33-AV-TRB_BRIGHTLED;BRIGHTLED;BL-HGE33-AV-TRB;;;;;;;;;;;;;1206;;;;;lib/empreinte/1206.json;lib/symbole/led.json;lib/simulation/diode.sub
LED_CMS_ROUGE_SML-LX0805SRC-TR;General;LED Rouge (Vf=2.2V) 660 nm, Type 0805 - SMD - Reflow;LED;LED;2;1.00000;0.00000;RED;Active;'SML-LX0805SRC-TR;Lumex;SML-LX0805SRC-TR;;;;;;;;;;;;88mW;;;;;;;;;;;;;lib/symbole/led.json;lib/simulation/diode.sub
LED_CMS_RVB_KRTBLSLPS1;General;LED RGB 6LED 6PLCC - SMD - Reflow;LED;LED;6;2.04000;0.00000;RGB;Active;Q65113A0062;OSRAM OPTO;KRTB LSLPS1.32-VUVX-EQ+BTBV-D8+TWTZ-L1-B;xx;xx;xx;CLX6E-FKC-CH1M1D1BB7C3D3;CLX6E-FKC-CH1M1D1BB7C3D3                                         ;;;;;;;;;;;;;;;;;;;;lib/symbole/led.json;lib/simulation/diode.sub
MCU-EFR32FG23A010F512GM48-CR;General;RF System on a Chip - SoC FG23, Sub-GHz, 512kB Flash, 64kB RAM, +14 dBm, QFN48;Integrated Circuit;U;49;0.90000;;;Active;;Silicon Labs;EFR32FG23A010F512GM48-C;xx;xx;xx;;;;;;;;xx;xx;xx;xx;xx;xx;xx;;;;;;;;lib/symbole/ic.json;
MCU_EFM32PG23B210F512IM48-C;General;ARM Microcontrollers - MCU EFM32 PG23 32-bit MCU, 32-bit ARM Cortex -M33 core, QFN48, Extended Secure Boot w/ RTSL, 512kB, 64kB(RAM), 34GPIO;Integrated Circuit;IC;49;0.90000;;;Active;EFM32PG23B210F512IM48-C;Silicon Labs;;;;;;;;;;;;;;;;;;;;;;;;;;lib/symbole/ic.json;
MCU_EFM32PG23B310F512IM48-C;General;ARM MCU EFM32 PG23, 32-bit ARM Cortex -M33 core, RTSL, 512kB, 64kB(RAM), 32GPIO - QFN48 - SMD;Integrated Circuit;U;49;0.90000;0.00000;EFM32PG23B310F512IM48-C;Active;EFM32PG23B310F512IM48-C;Silicon Labs;EFM32PG23B310F512IM48-C;xx;xx;xx;;;;;;;;;;;;;;;;;;;;;;lib/symbole/ic.json;
MCU_EFR32BG24-QFN48-128K;General;RF - SoC BG24, 2.4 GHz, 1024kB Flash, 128kB RAM, +10 dBm, +125C, QFN48 - SMD;Integrated Circuit;U;49;0.90000;0.00000;EFR32BG24_QFN48;Active;EFR32BG24A010F1024IM48-B;Silicon Labs;EFR32BG24A010F1024IM48-B;xx;xx;xx;;;;;;;;;;;;;;;;;;;;;;lib/symbole/ic.json;
MCU_LPC1758FBD80Y;General;MCU 32-bit ARM Cortex M3 RISC - 512KB Flash - 2.5V/3.3V - LQFP-80 - SMD;Integrated Circuit;U;80;1.60000;0.00000;LPC1758FBD80;Active;LPC1758FBD80;NXP;LPC1758FBD80;;;;;;;;;;;;;;;2.4V-3.6V;;85;-40;LQFP80;12mmx12mm;;;;;lib/symbole/ic.json;
MCU_MSP430F2111/S-PVQFN-N24;General;Mixed Signal Microcontroller 2KB+256BFlash - 128BRAM - QFN-24 - SMD - Reflow;Integrated Circuit;U;30;1.00000;0.00000;MSP430F2111(IouT)RGE;Active;MSP430F2111IRGET;TEXAS INSTRUMENTS;MSP430F2111(IouT)RGE;xx;xx;xx;;;;;;;;xx;xx;xx;xx;3.6V;xx;xx;xx;LFQFP_48pins;xx;xx;xx;;lib/empreinte/LQFP-48.json;lib/symbole/ic.json;
MCU_MSP430F5438AIPZR;General;16-bit Microcontrollers - MCU 16B Ultra-Low-Pwr Microcontroller - LQFP-100 - SMD;Integrated Circuit;U;100;1.60000;0.00000;MSP430F5438AIPZR;Active;MSP430F5438AIPZ;TEXAS INSTRUMENTS;MSP430F5438AIPZ;xx;xx;xx;;;;;;;;xx;xx;xx;xx;xx;xx;xx;;;;;;;;lib/symbole/ic.json;
MCU_RL78-G13-LQFP48;General;Mixed Signal Microcontroller - LQFP48 - 256K - SMD;Integrated Circuit;U;48;1.70000;0.00000;RL78-G13-LQFP48;Active;R5F100GJDFB#30;RENESAS;R5F100GJDFB#30;xx;xx;xx;R5F100GJGFB#30;R5F100GJGFB#30;;;;;;xx;xx;xx;;3.6V;xx;xx;xx;LQFP48;7mm*7mm;0.5mm;xx;xx;lib/empreinte/LQFP-48.json;lib/symbole/ic.json;
MCU_RL78-G23-LQFP48;General;Mixed Signal Microcontroller - LQFP48 - 128K - SMD;Integrated Circuit;U;48;1.70000;0.00000;RL78-G23-LQFP48;Active;R7F100GGG2DFB#AA0;RENESAS;R7F100GGG2DFB#AA0;xx;xx;xx;;;;;;;;xx;xx;xx;;3.6V;xx;xx;xx;LQFP48;7mm*7mm;0.5mm;xx;xx;lib/empreinte/LQFP-48.json;lib/symbole/ic.json;
MCU_RL78-G23-LQFP48-256K;General;Mixed Signal Microcontroller - LQFP48 - 256K - SMD;Integrated Circuit;U;48;1.70000;0.00000;RL78-G23-LQFP48;Active;R7F100GGJ2DFB#AA0;RENESAS;R7F100GGJ2DFB#AA0;xx;xx;xx;;;;;;;;xx;xx;xx;;3.6V;xx;xx;xx;LQFP48;7mm*7mm;0.5mm;xx;xx;lib/empreinte/LQFP-48.json;lib/symbole/ic.json;
MCU_STM32U385CGT6Q;General;Ultra-low-power Arm Cortex-M33 32-bit MCU+TrustZone+FPU, 144 DMIPS, 1 MB flash memory, 256 KB SRAM, SMPS, crypto;Integrated Circuit;IC;48;1.60000;;;Active;STM32U385CGT6Q;STMiccroelectronics;STM32U385CGT6Q;;;;;;;;;;;;;;;;;;;;;;;;;lib/symbole/ic.json;
MCU_STM32WL55CCU6;General;Multiprotocol LPWAN dual core 32-bit Arm Cortex-M4/M0+ LoRa, (G)FSK, (G)MSK, BPSK, up to 256KB flash, 64KB SRAM;Integrated Circuit;IC;49;0.65000;;;Active;STM32WL55CCU6;STMicroelectronics;STM32WL55CCU6;;;;;;;;;;;;;;;;;;;;;;;;;lib/symbole/ic.json;
MECA-ENTRETOISE-2.5mm;General;Entretoise, Nylon (Polyamide), M2.5, Hex Femelle-Femelle, 20 mm;Meca;MECA;1;19.50000;0.00000;2.5mm;Passive;'970200155;WURTH ELEK.;'970200155;xx;xx;xx;;;;;;;;xx;xx;xx;;xx;xx;xx;xx;xx;xx;xx;xx;xx;;lib/symbole/hole.json;
MECA-ENTRETOISE-double-2.5mm;General;Entretoises en nylon doubles - 7mm de hauteur;Meca;MECA;1;10.30000;0.00000;2.5mm;Passive;MDLSP1-07M-01;Richco;xx;xx;xx;xx;;;;;;;;xx;xx;xx;xx;xx;xx;xx;xx;xx;xx;xx;xx;xx;;lib/symbole/hole.json;
MECA-ENTRETOISE_9774030151R;General;Round Standoff Threaded M2.5x0.45 Steel 0.118 (3.00mm) -;Meca;MECA;1;3.00000;0.00000;M2.5x3mm;Passive;'9774030151R;WURTH ELEK.;'9774030151R;;;;;;;;;;;;;;;;;;;;;;;;;lib/symbole/hole.json;
MECA-ENTRETOISE_9774040360R;General;SMD SPACER, STEEL, 4MM, M3 Female: External Width:6mm;Meca;MECA;1;4.00000;0.00000;M3x4mm;Passive;'9774040360R;WURTH ELEK.;'9774040360R;;;;;;;;;;;;;;;;;;;;;;;;;lib/symbole/hole.json;
MECA-LOC-1.5mm-TRN;General;Trou de Locating diam.1.5 mm non metallise pour positionnement;Locating;LOC;1;0.01000;0.00000;1.5mm;Passive;xx;xx;xx;xx;xx;xx;;;;;;;;xx;xx;xx;;xx;xx;xx;xx;xx;xx;xx;xx;xx;;lib/symbole/hole.json;
MECA-LOC-2.0mm-TRN;General;Trou de Locating diam.2.0 mm non metallise pour positionnement;Locating;LOC;1;0.01000;0.00000;2.0mm;Passive;xx;xx;xx;xx;xx;xx;;;;;;;;xx;xx;xx;;xx;xx;xx;xx;xx;xx;xx;xx;xx;;lib/symbole/hole.json;
MECA-LOC-2.1mm-TRN;General;Trou de Locating diam.2.1 mm non metallise pour positionnement;Locating;LOC;1;0.01000;0.00000;2.1mm;Passive;xx;xx;xx;xx;xx;xx;;;;;;;;xx;xx;xx;;xx;xx;xx;xx;xx;xx;xx;xx;xx;;lib/symbole/hole.json;
MECA-LOC-2.5mm-TRN;General;Trou de Locating diam.2.5 mm non metallise pour positionnement;Locating;LOC;1;0.01000;0.00000;2.5mm;Passive;xx;xx;xx;xx;xx;xx;;;;;;;;xx;xx;xx;;xx;xx;xx;xx;xx;xx;xx;xx;xx;;lib/symbole/hole.json;
MECA-LOC-2.6mm-TRN;General;Trou de Locating diam.2.6 mm non metallise pour positionnement;Locating;LOC;1;0.01000;0.00000;2.6mm;Passive;xx;xx;xx;xx;xx;xx;;;;;;;;xx;xx;xx;;xx;xx;xx;xx;xx;xx;xx;xx;xx;;lib/symbole/hole.json;
MECA-LOC-2.7mm-TRN;General;Trou de Locating diam.2.7 mm non metallise pour positionnement;Locating;LOC;1;0.01000;0.00000;2.7mm;Passive;xx;xx;xx;xx;xx;xx;;;;;;;;xx;xx;xx;;xx;xx;xx;xx;xx;xx;xx;xx;xx;;lib/symbole/hole.json;
MECA-LOC-3.2mm-TRN;General;Trou de Locating diam.2.7 mm non metallise pour positionnement;Locating;LOC;1;0.01000;0.00000;3.2mm;Passive;xx;xx;xx;xx;xx;xx;;;;;;;;xx;xx;xx;;xx;xx;xx;xx;xx;xx;xx;xx;xx;;lib/symbole/hole.json;
MECA-MIRE-1.20mm-POSITION;General;Pastille 1.20mm epargnee pour Offset CI;Locating;M;1;0.10000;0.00000;MIRE_1.20mm;Passive;xx;xx;xx;xx;xx;xx;;;;;;;;xx;xx;xx;;xx;xx;xx;xx;;;;;;;lib/symbole/hole.json;
MECA-MIRE-1.27mm-POSITION;General;Pastille 1.27mm epargnee pour Offset CI;Locating;M;1;0.10000;0.00000;MIRE_1.27mm;Passive;xx;xx;xx;xx;xx;xx;;;;;;;;xx;xx;xx;;xx;xx;xx;xx;;;;;;;lib/symbole/hole.json;
MECA-MIRE-POSITION;General;Pastille 1mm epargnee pour Offset CI;Locating;M;1;0.10000;0.00000;MIRE_1mm;Passive;xx;xx;xx;xx;xx;xx;;;;;;;;xx;xx;xx;;xx;xx;xx;xx;;;;;;;lib/symbole/hole.json;
MECA-MIRE-Repere_boitier;General;Pastille 1mm epargnee pour Offset CI;Locating;M;1;0.10000;0.00000;MIRE_boitier;Passive;xx;xx;xx;xx;xx;xx;;;;;;;;xx;xx;xx;;xx;xx;xx;xx;;;;;;;lib/symbole/hole.json;
MECA-self_retaining_spacer-2.1x6mm;General;WA-SNSR Self-Retaining Spacer;Meca;MECA;1;6.00000;0.00000;2.1x6mm;Passive;'702919000;Wurth elektronik;'702919000;xx;xx;xx;;;;;;;;xx;xx;xx;xx;xx;xx;xx;xx;xx;xx;xx;xx;xx;;lib/symbole/hole.json;
MECA-self_retaining_spacer-2.1x8mm;General;WA-SNSR Self-Retaining Spacer;Meca;MECA;1;8.00000;0.00000;2.1x8mm;Passive;'702910000;Wurth elektronik;'702910000;xx;xx;xx;;;;;;;;xx;xx;xx;xx;xx;xx;xx;xx;xx;xx;xx;xx;xx;;lib/symbole/hole.json;
MECA-VIS-2.5mm-16;General;Vis, Jeu, Tete plate, Fendue, M2.5, Nylon 6.6, longueur 16 mm;Meca;MECA;1;2.50000;0.00000;2.5mm;Passive;TRNSE-1207-M2.5-16;TR FASTENINGS;xx;xx;xx;xx;;;;;;;;xx;xx;xx;xx;xx;xx;xx;xx;xx;xx;xx;xx;xx;;lib/symbole/hole.json;
MECA_BLINDAGE;General;;Meca;MECA;14;;;;Passive;;;;;;;;;;;;;;;;;;;;;;;;;;;;lib/symbole/hole.json;
NTC_NCP18XH103F03RB;General;NTC Thermistors 10kohm B = 3380 - CMS Type 0603 - Reflow;NTC;R;2;0.80000;0.00000;10K;Passive;NCP18XH103F03RB;MURATA;NCP18XH103F03RB;xx;xx;xx;;;;;;;;+/-1%;xx;xx;xx;xx;xx;xx;xx;603;;;;;;lib/symbole/resistor.json;lib/simulation/resistor.sub
NTC_NCU15WF104F60RC;General;NTC Thermistors 100kohm B = 4250 - CMS Type 0402 - Reflow;NTC;R;2;0.55000;0.00000;100K;Passive;NCU15WF104F60RC;MURATA;NCU15WF104F60RC;xx;xx;xx;;;;;;;;+/-1%;xx;xx;xx;xx;xx;xx;xx;402;;;;;;lib/symbole/resistor.json;lib/simulation/resistor.sub
NTC_NCU18WF104D60RB;General;NTC Thermistors 100kohm B = 4250 - CMS Type 0603 - Reflow;NTC;R;2;0.95000;0.00000;100K;Passive;NCU18WF104D60RB;MURATA;NCU18WF104D60RB;xx;xx;xx;;;;;;;;+/-0.5%;xx;xx;xx;xx;xx;xx;xx;603;;;;;;lib/symbole/resistor.json;lib/simulation/resistor.sub
QUARTZ-12MHz-RH100-12-16-3030;General;12MHz Crystal, 3.2 x 2.5 mm, +/-30 ppm tolerance, +/-30 ppm stability, 16 pF - 4-SMD;Crystal;Y;4;0.71000;0.00000;12MHz;Active;RH100-12.000-16-3030-TR;RALTRON;RH100-12.000-16-3030-TR;;;;RH100-12.000-16-1010-TR_RALTRON;RH100-12.000-16-1010-TR;RALTRON;;;;;;;12MHz;30ppm;;;70;-20;;;;;;;lib/symbole/crystal.json;
QUARTZ-24MHz_ASE-24.000MHZ-L-R-T;General;24 MHz XO (Standard) CMOS Oscillator 3.3V Enable/Disable - 4-SMD;Crystal;Y;4;1.20000;0.00000;24MHz;Active;ASE-24.000MHZ-L-R-T;Abracon;ASE-24.000MHZ-L-R-T;;;;SiT1602AC-22-33S-24.000000E_SiTime;SiT1602AC-22-33S-24.000000E;SiTime;;;;;;;24MHz;25ppm;3.3V;13mA;85;-40;SMD-4;3.2x2.5mm;;;;;lib/symbole/crystal.json;
QUARTZ-32KHz-ABS07-32_768KHZ-7-1-T;General;32.768 kHz +/-10ppm Crystal 7pF 70 kOhms - 2-SMD;Crystal;Y;2;0.90000;0.00000;32.768KHz;Active;ABS07-32.768KHZ-7-T;Abracom;ABS07-32.768KHZ-7-T;;;;;;;;;;;;;;;;;;;;;;;;;lib/symbole/crystal.json;
QUARTZ-32KHz-CC7V-T1A;General;32.768KHz Quartz Crystal unit load cap 12.5pF- 2-SMD - Reflow;Crystal;Y;2;0.90000;0.00000;32.768KHz;Active;CC7V-T1A-32.768KHZ12PF+/-30PPM;MICRO CRYSTAL;xx;xx;xx;xx;;;;;;;;xx;xx;32.768KHz;20ppm;xx;xx;xx;xx;xx;xx;xx;;;;lib/symbole/crystal.json;
QUARTZ-32KHz-CM8V-T1A;General;32.768KHZ Quartz CRYSTAL - 2-SMD - Reflow;Crystal;Y;2;0.60000;0.00000;32.768KHz;Active;CM8V-T1A-32.768kHz-7pF-20PPM-TA-QC;MICRO CRYSTAL;xx;xx;xx;xx;;;;;;;;xx;xx;32.768KHz;20ppm;xx;xx;xx;xx;xx;xx;xx;;;;lib/symbole/crystal.json;
QUARTZ-32KHz-MS1V-T1K;General;32.768KHZ CRYSTAL - 10pF - 20ppm - SMD - Reflow;Crystal;Y;3;2.08000;0.00000;32.768KHz;Active;MS1V-T1K-32.768KHZ-10pF-20PPM;MICRO CRYSTAL;MS1V-T1K-32.768KHZ-10pF-20PPM;;;;;;;;;;;;;32.768KHz;20ppm;;;;;;;;;;;lib/symbole/crystal.json;
QUARTZ-32KHz-NX2012SA;General;32.76kHz Crystal NDK +/-20ppm - 2.05 x 1.2 x 0.55mm - 2-SMD - Reflow;Crystal;Y;2;0.60000;0.00000;32.768KHz;Active;NX2012SA-32.768K-STD-MUB-1;NDK;xx;xx;xx;xx;;;;;;;;xx;xx;32.768KHz;20ppm;xx;xx;xx;xx;xx;xx;xx;;;;lib/symbole/crystal.json;
QUARTZ-32KHz-NX3215SA;General;32.768KHz Quartz Crystal unit - 2-SMD - Reflow;Crystal;Y;2;0.80000;0.00000;32.768KHz;Active;NX3215SA specn: EXS00A-MU00376;NDK;xx;xx;xx;xx;RTF3215 32.768kHz 6.0pF_RAKON;RTF3215 32.768kHz 6.0pF;RAKON;;;;;xx;xx;32.768KHz;20ppm;xx;xx;xx;xx;xx;xx;xx;;;;lib/symbole/crystal.json;
QUARTZ-32MHz-NX2016SA;General;32MHZ Crystals 10PF - 4-SMD - Reflow;Crystal;Y;4;0.50000;0.00000;32MHz;Active;NX2016SA-32M-EXS00A-CS06465;NDK;xx;xx;xx;xx;;xx;xx;xx;xx;xx;xx;xx;xx;32MHz;+/-10ppm;;;;;;;;;;;lib/symbole/crystal.json;
QUARTZ-39MHz-ECS-390-CDX-1932;General;39MHZ CRYSTAL 10PF - 4-SMD - Reflow;Crystal;Y;4;0.55000;0.00000;39MHz;Active;ECS-390-CDX-1932;ECS;xx;xx;xx;xx;;;;;;;;xx;xx;39MHz;25ppm;xx;xx;xx;xx;xx;xx;xx;;;;lib/symbole/crystal.json;
R0201_100R;General;Resistor - CMS Type 0201 - Reflow;Resistor;R;2;0.50000;0.00000;100R;Passive;xx;OPEN;xx;xx;xx;xx;;;;;;;;+/-1%;60mW;xx;xx;xx;xx;xx;xx;0201R;xx;xx;xx;xx;lib/empreinte/0201.json;lib/symbole/resistor.json;lib/simulation/resistor.sub
R0201_220R;General;Resistor - CMS Type 0201 - Reflow;Resistor;R;2;0.50000;0.00000;220R;Passive;xx;OPEN;xx;xx;xx;xx;;;;;;;;+/-1%;60mW;xx;xx;xx;xx;xx;xx;0201R;xx;xx;xx;xx;lib/empreinte/0201.json;lib/symbole/resistor.json;lib/simulation/resistor.sub
R0201_560R;General;Resistor - CMS Type 0201 - Reflow;Resistor;R;2;0.50000;0.00000;560R;Passive;xx;OPEN;xx;xx;xx;xx;;;;;;;;+/-1%;60mW;xx;xx;xx;xx;xx;xx;0201R;xx;xx;xx;xx;lib/empreinte/0201.json;lib/symbole/resistor.json;lib/simulation/resistor.sub
R0402_0R0;General;Resistor - CMS Type 0402 - Reflow;Resistor;R;2;0.50000;0.00000;0R0;Passive;xx;OPEN;xx;xx;xx;xx;;;;;;;;+/-1%;60mW;xx;xx;xx;xx;xx;xx;0402R;xx;xx;xx;xx;lib/empreinte/0402.json;lib/symbole/resistor.json;lib/simulation/resistor.sub
R0402_1.2K;General;Resistor - CMS Type 0402 - Reflow;Resistor;R;2;0.50000;0.00000;1.2K;Passive;xx;OPEN;xx;xx;xx;xx;;;;;;;;+/-1%;60mW;xx;xx;xx;xx;xx;xx;0402R;xx;xx;xx;xx;lib/empreinte/0402.json;lib/symbole/resistor.json;lib/simulation/resistor.sub
R0402_1.5K;General;Resistor - CMS Type 0402 - Reflow;Resistor;R;2;0.50000;0.00000;1.5K;Passive;xx;OPEN;xx;xx;xx;xx;;;;;;;;+/-1%;60mW;xx;xx;xx;xx;xx;xx;0402R;xx;xx;xx;xx;lib/empreinte/0402.json;lib/symbole/resistor.json;lib/simulation/resistor.sub
R0402_1.6K;General;Resistor - CMS Type 0402 - Reflow;Resistor;R;2;0.50000;0.00000;1.6K;Passive;xx;OPEN;xx;xx;xx;xx;;;;;;;;+/-1%;60mW;xx;xx;xx;xx;xx;xx;0402R;xx;xx;xx;xx;lib/empreinte/0402.json;lib/symbole/resistor.json;lib/simulation/resistor.sub
R0402_1K;General;Resistor - CMS Type 0402 - Reflow;Resistor;R;2;0.50000;0.00000;1K;Passive;xx;OPEN;xx;xx;xx;xx;;;;;;;;+/-1%;60mW;xx;xx;xx;xx;xx;xx;0402R;xx;xx;xx;xx;lib/empreinte/0402.json;lib/symbole/resistor.json;lib/simulation/resistor.sub
R0402_1M;General;Resistor - CMS Type 0402 - Reflow;Resistor;R;2;0.50000;0.00000;1M;Passive;xx;OPEN;xx;xx;xx;xx;;;;;;;;+/-1%;60mW;xx;xx;xx;xx;xx;xx;0402R;xx;xx;xx;xx;lib/empreinte/0402.json;lib/symbole/resistor.json;lib/simulation/resistor.sub
R0402_1M5;General;Resistor - CMS Type 0402 - Reflow;Resistor;R;2;0.50000;0.00000;1M5;Passive;xx;OPEN;xx;xx;xx;xx;;;;;;;;+/-1%;60mW;xx;xx;xx;xx;xx;xx;0402R;xx;xx;xx;xx;lib/empreinte/0402.json;lib/symbole/resistor.json;lib/simulation/resistor.sub
R0402_1R;General;Resistor - CMS Type 0402 - Reflow;Resistor;R;2;0.50000;0.00000;1R;Passive;xx;OPEN;xx;xx;xx;xx;;;;;;;;+/-1%;60mW;xx;xx;xx;xx;xx;xx;0402R;xx;xx;xx;xx;lib/empreinte/0402.json;lib/symbole/resistor.json;lib/simulation/resistor.sub
R0402_2.2K;General;Resistor - CMS Type 0402 - Reflow;Resistor;R;2;0.50000;0.00000;2.2K;Passive;xx;OPEN;xx;xx;xx;xx;;;;;;;;+/-1%;60mW;xx;xx;xx;xx;xx;xx;0402R;xx;xx;xx;xx;lib/empreinte/0402.json;lib/symbole/resistor.json;lib/simulation/resistor.sub
R0402_2.2M;General;Resistor - CMS Type 0402 - Reflow;Resistor;R;2;0.50000;0.00000;2.2M;Passive;xx;OPEN;xx;xx;xx;xx;;;;;;;;+/-1%;60mW;xx;xx;xx;xx;xx;xx;0402R;xx;xx;xx;xx;lib/empreinte/0402.json;lib/symbole/resistor.json;lib/simulation/resistor.sub
R0402_2K;General;Resistor - CMS Type 0402 - Reflow;Resistor;R;2;0.50000;0.00000;2K;Passive;xx;OPEN;xx;xx;xx;xx;;;;;;;;+/-1%;60mW;xx;xx;xx;xx;xx;xx;0402R;xx;xx;xx;xx;lib/empreinte/0402.json;lib/symbole/resistor.json;lib/simulation/resistor.sub
R0402_3.9K;General;Resistor - CMS Type 0402 - Reflow;Resistor;R;2;0.50000;0.00000;3.9K;Passive;xx;OPEN;xx;xx;xx;xx;;;;;;;;+/-1%;60mW;xx;xx;xx;xx;xx;xx;0402R;xx;xx;xx;xx;lib/empreinte/0402.json;lib/symbole/resistor.json;lib/simulation/resistor.sub
R0402_3K;General;Resistor - CMS Type 0402 - Reflow;Resistor;R;2;0.50000;0.00000;3K;Passive;xx;OPEN;xx;xx;xx;xx;;;;;;;;+/-1%;60mW;xx;xx;xx;xx;xx;xx;0402R;xx;xx;xx;xx;lib/empreinte/0402.json;lib/symbole/resistor.json;lib/simulation/resistor.sub
R0402_4.7K;General;Resistor - CMS Type 0402 - Reflow;Resistor;R;2;0.50000;0.00000;4.7K;Passive;xx;OPEN;xx;xx;xx;xx;;;;;;;;+/-1%;60mW;xx;xx;xx;xx;xx;xx;0402R;xx;xx;xx;xx;lib/empreinte/0402.json;lib/symbole/resistor.json;lib/simulation/resistor.sub
R0402_4.75K;General;Resistor - CMS Type 0402 - Reflow;Resistor;R;2;0.40000;0.00000;4.75K;Passive;CRCW04024K75FKED;Vishay-Dale;CRCW04024K75FKED;xx;xx;xx;;;;;;;;+/-1%;63mW;xx;xx;xx;xx;xx;xx;402;xx;xx;xx;xx;;lib/symbole/resistor.json;lib/simulation/resistor.sub
R0402_4.99K;General;Resistor - CMS Type 0402 - Reflow;Resistor;R;2;0.35000;0.00000;4.99K;Passive;xx;OPEN;xx;xx;xx;xx;;;;;;;;+/-0.1%;63mW;;xx;xx;xx;xx;xx;0402R;xx;xx;xx;xx;lib/empreinte/0402.json;lib/symbole/resistor.json;lib/simulation/resistor.sub
R0402_4M7;General;Resistor - CMS Type 0402 - Reflow;Resistor;R;2;0.50000;0.00000;4M7;Passive;xx;OPEN;xx;xx;xx;xx;;;;;;;;+/-1%;60mW;xx;xx;xx;xx;xx;xx;0402R;xx;xx;xx;xx;lib/empreinte/0402.json;lib/symbole/resistor.json;lib/simulation/resistor.sub
R0402_5.1K;General;Resistor - CMS Type 0402 - Reflow;Resistor;R;2;0.50000;0.00000;5.1K;Passive;xx;OPEN;xx;xx;xx;xx;;;;;;;;+/-1%;60mW;xx;xx;xx;xx;xx;xx;0402R;xx;xx;xx;xx;lib/empreinte/0402.json;lib/symbole/resistor.json;lib/simulation/resistor.sub
R0402_6.8K;General;Resistor - CMS Type 0402 - Reflow;Resistor;R;2;0.50000;0.00000;6.8K;Passive;xx;OPEN;xx;xx;xx;xx;;;;;;;;+/-1%;60mW;xx;xx;xx;xx;xx;xx;0402R;xx;xx;xx;xx;lib/empreinte/0402.json;lib/symbole/resistor.json;lib/simulation/resistor.sub
R0402_8.2K;General;Resistor - CMS Type 0402 - Reflow;Resistor;R;2;0.50000;0.00000;8.2K;Passive;xx;OPEN;xx;xx;xx;xx;;;;;;;;+/-1%;60mW;xx;xx;xx;xx;xx;xx;0402R;xx;xx;xx;xx;lib/empreinte/0402.json;lib/symbole/resistor.json;lib/simulation/resistor.sub
R0402_10K;General;Resistor - CMS Type 0402 - Reflow;Resistor;R;2;0.50000;0.00000;10K;Passive;xx;OPEN;xx;xx;xx;xx;;;;;;;;+/-1%;60mW;xx;xx;xx;xx;xx;xx;0402R;xx;xx;xx;xx;lib/empreinte/0402.json;lib/symbole/resistor.json;lib/simulation/resistor.sub
R0402_10R;General;Resistor - CMS Type 0402 - Reflow;Resistor;R;2;0.50000;0.00000;10R;Passive;xx;OPEN;xx;xx;xx;xx;;;;;;;;+/-1%;60mW;xx;xx;xx;xx;xx;xx;0402R;xx;xx;xx;xx;lib/empreinte/0402.json;lib/symbole/resistor.json;lib/simulation/resistor.sub
R0402_13K;General;Resistor - CMS Type 0402 - Reflow;Resistor;R;2;0.40000;0.00000;13K;Passive;CRCW040213K0FKED;Vishay-Dale;CRCW040213K0FKED;xx;xx;xx;;;;;;;;+/-1%;63mW;xx;xx;xx;xx;xx;xx;0402R;xx;xx;xx;xx;lib/empreinte/0402.json;lib/symbole/resistor.json;lib/simulation/resistor.sub
R0402_15K;General;Resistor - CMS Type 0402 - Reflow;Resistor;R;2;0.50000;0.00000;15K;Passive;xx;OPEN;xx;xx;xx;xx;;;;;;;;+/-1%;60mW;xx;xx;xx;xx;xx;xx;0402R;xx;xx;xx;xx;lib/empreinte/0402.json;lib/symbole/resistor.json;lib/simulation/resistor.sub
R0402_15R;General;Resistor - CMS Type 0402 - Reflow;Resistor;R;2;0.50000;0.00000;15R;Passive;xx;OPEN;xx;xx;xx;xx;;;;;;;;+/-1%;60mW;xx;xx;xx;xx;xx;xx;0402R;xx;xx;xx;xx;lib/empreinte/0402.json;lib/symbole/resistor.json;lib/simulation/resistor.sub
R0402_20K;General;Resistor - CMS Type 0402 - Reflow;Resistor;R;2;0.50000;0.00000;20K;Passive;xx;OPEN;xx;xx;xx;xx;;;;;;;;+/-1%;60mW;xx;xx;xx;xx;xx;xx;0402R;xx;xx;xx;xx;lib/empreinte/0402.json;lib/symbole/resistor.json;lib/simulation/resistor.sub
R0402_22K;General;Resistor - CMS Type 0402 - Reflow;Resistor;R;2;0.50000;0.00000;22K;Passive;xx;OPEN;xx;xx;xx;xx;;;;;;;;+/-1%;60mW;xx;xx;xx;xx;xx;xx;0402R;xx;xx;xx;xx;lib/empreinte/0402.json;lib/symbole/resistor.json;lib/simulation/resistor.sub
R0402_22R;General;Resistor - CMS Type 0402 - Reflow;Resistor;R;2;0.50000;0.00000;22R;Passive;xx;OPEN;xx;xx;xx;xx;;;;;;;;+/-1%;60mW;xx;xx;xx;xx;xx;xx;0402R;xx;xx;xx;xx;lib/empreinte/0402.json;lib/symbole/resistor.json;lib/simulation/resistor.sub
R0402_33K;General;Resistor - CMS Type 0402 - Reflow;Resistor;R;2;0.50000;0.00000;33K;Passive;xx;OPEN;xx;xx;xx;xx;;;;;;;;+/-%;60mW;xx;xx;xx;xx;xx;xx;0402R;xx;xx;xx;xx;lib/empreinte/0402.json;lib/symbole/resistor.json;lib/simulation/resistor.sub
R0402_39K;General;Resistor - CMS Type 0402 - Reflow;Resistor;R;2;0.50000;0.00000;39K;Passive;xx;OPEN;xx;xx;xx;xx;;;;;;;;+/-1%;60mW;xx;xx;xx;xx;xx;xx;0402R;xx;xx;xx;xx;lib/empreinte/0402.json;lib/symbole/resistor.json;lib/simulation/resistor.sub
R0402_40R;General;Resistor - CMS Type 0402 - Reflow;Resistor;R;2;0.50000;0.00000;40R;Passive;xx;OPEN;xx;xx;xx;xx;;;;;;;;+/-1%;60mW;xx;xx;xx;xx;xx;xx;0402R;xx;xx;xx;xx;lib/empreinte/0402.json;lib/symbole/resistor.json;lib/simulation/resistor.sub
R0402_47K;General;Resistor - CMS Type 0402 - Reflow;Resistor;R;2;0.50000;0.00000;47K;Passive;xx;OPEN;xx;xx;xx;xx;;;;;;;;+/-1%;60mW;xx;xx;xx;xx;xx;xx;0402R;xx;xx;xx;xx;lib/empreinte/0402.json;lib/symbole/resistor.json;lib/simulation/resistor.sub
R0402_47R;General;Resistor - CMS Type 0402 - Reflow;Resistor;R;2;0.50000;0.00000;47R;Passive;xx;OPEN;xx;xx;xx;xx;;;;;;;;+/-1%;60mW;xx;xx;xx;xx;xx;xx;0402R;xx;xx;xx;xx;lib/empreinte/0402.json;lib/symbole/resistor.json;lib/simulation/resistor.sub
R0402_57.6K;General;Resistor - CMS Type 0402 - Reflow;Resistor;R;2;0.50000;0.00000;57.6K;Passive;xx;OPEN;xx;xx;xx;xx;;;;;;;;+/-1%;60mW;xx;xx;xx;xx;xx;xx;0603R;xx;xx;xx;xx;lib/empreinte/0603.json;lib/symbole/resistor.json;lib/simulation/resistor.sub
R0402_64.9K;General;Resistor - CMS Type 0402 - Reflow;Resistor;R;2;0.40000;0.00000;64.9K;Passive;xx;OPEN;xx;xx;xx;xx;;;;;;;;+/-0.5%;62.5mW;xx;xx;xx;xx;xx;xx;0402R;xx;xx;xx;xx;lib/empreinte/0402.json;lib/symbole/resistor.json;lib/simulation/resistor.sub
R0402_68K;General;Resistor - CMS Type 0402 - Reflow;Resistor;R;2;0.50000;0.00000;68K;Passive;xx;OPEN;xx;xx;xx;xx;;;;;;;;+/-1%;60mW;xx;xx;xx;xx;xx;xx;0402R;xx;xx;xx;xx;lib/empreinte/0402.json;lib/symbole/resistor.json;lib/simulation/resistor.sub
R0402_75K;General;Resistor - CMS Type 0402 - Reflow;Resistor;R;2;0.50000;0.00000;75K;Passive;xx;OPEN;xx;xx;xx;xx;;;;;;;;+/-%;60mW;xx;xx;xx;xx;xx;xx;0402R;xx;xx;xx;xx;lib/empreinte/0402.json;lib/symbole/resistor.json;lib/simulation/resistor.sub
R0402_100K;General;Resistor - CMS Type 0402 - Reflow;Resistor;R;2;0.50000;0.00000;100K;Passive;xx;OPEN;xx;xx;xx;xx;;;;;;;;+/-1%;60mW;xx;xx;xx;xx;xx;xx;0402R;xx;xx;xx;xx;lib/empreinte/0402.json;lib/symbole/resistor.json;lib/simulation/resistor.sub
R0402_100R;General;Resistor - CMS Type 0402 - Reflow;Resistor;R;2;0.50000;0.00000;100R;Passive;xx;OPEN;xx;xx;xx;xx;;;;;;;;+/-1%;60mW;xx;xx;xx;xx;xx;xx;0402R;xx;xx;xx;xx;lib/empreinte/0402.json;lib/symbole/resistor.json;lib/simulation/resistor.sub
R0402_107K;General;Resistor - CMS Type 0402 - Reflow;Resistor;R;2;0.40000;0.00000;107K;Passive;CRCW0402107KFKED;Vishay-Dale;CRCW0402107KFKED;xx;xx;xx;;;;;;;;+/-1%;63mW;xx;xx;xx;xx;xx;xx;0402R;xx;xx;xx;xx;lib/empreinte/0402.json;lib/symbole/resistor.json;lib/simulation/resistor.sub
R0402_160K;General;Resistor - CMS Type 0402 - Reflow;Resistor;R;2;0.50000;0.00000;160K;Passive;xx;OPEN;xx;xx;xx;xx;;;;;;;;+/-1%;60mW;xx;xx;xx;xx;xx;xx;0402R;xx;xx;xx;xx;lib/empreinte/0402.json;lib/symbole/resistor.json;lib/simulation/resistor.sub
R0402_180R;General;Resistor - CMS Type 0402 - Reflow;Resistor;R;2;0.50000;0.00000;180R;Passive;xx;OPEN;xx;xx;xx;xx;;;;;;;;+/-1%;60mW;xx;xx;xx;xx;xx;xx;0402R;xx;xx;xx;xx;lib/empreinte/0402.json;lib/symbole/resistor.json;lib/simulation/resistor.sub
R0402_200K;General;Resistor - CMS Type 0402 - Reflow;Resistor;R;2;0.40000;0.00000;200K;Passive;xx;OPEN;xx;xx;xx;xx;;;;;;;;+/-1%;62.5mW;xx;xx;xx;xx;xx;xx;0402R;xx;xx;xx;xx;lib/empreinte/0402.json;lib/symbole/resistor.json;lib/simulation/resistor.sub
R0402_220K;General;Resistor - CMS Type 0402 - Reflow;Resistor;R;2;0.50000;0.00000;220K;Passive;xx;OPEN;xx;xx;xx;xx;;;;;;;;+/-1%;60mW;xx;xx;xx;xx;xx;xx;0402R;xx;xx;xx;xx;lib/empreinte/0402.json;lib/symbole/resistor.json;lib/simulation/resistor.sub
R0402_220R;General;Resistor - CMS Type 0402 - Reflow;Resistor;R;2;0.50000;0.00000;220R;Passive;xx;OPEN;xx;xx;xx;xx;;;;;;;;+/-1%;60mW;xx;xx;xx;xx;xx;xx;0402R;xx;xx;xx;xx;lib/empreinte/0402.json;lib/symbole/resistor.json;lib/simulation/resistor.sub
R0402_300R;General;Resistor - CMS Type 0402 - Reflow;Resistor;R;2;0.50000;0.00000;300R;Passive;xx;OPEN;xx;xx;xx;xx;;;;;;;;+/-1%;60mW;xx;xx;xx;xx;xx;xx;0402R;xx;xx;xx;xx;lib/empreinte/0402.json;lib/symbole/resistor.json;lib/simulation/resistor.sub
R0402_330R;General;Resistor - CMS Type 0402 - Reflow;Resistor;R;2;0.50000;0.00000;330R;Passive;xx;OPEN;xx;xx;xx;xx;;;;;;;;+/-1%;60mW;xx;xx;xx;xx;xx;xx;0402R;xx;xx;xx;xx;lib/empreinte/0402.json;lib/symbole/resistor.json;lib/simulation/resistor.sub
R0402_470K;General;Resistor - CMS Type 0402 - Reflow;Resistor;R;2;0.50000;0.00000;470K;Passive;xx;OPEN;xx;xx;xx;xx;;;;;;;;+/-1%;60mW;xx;xx;xx;xx;xx;xx;0402R;xx;xx;xx;xx;lib/empreinte/0402.json;lib/symbole/resistor.json;lib/simulation/resistor.sub
R0402_560R;General;Resistor - CMS Type 0402 - Reflow;Resistor;R;2;0.50000;0.00000;560R;Passive;xx;OPEN;xx;xx;xx;xx;;;;;;;;+/-1%;60mW;xx;xx;xx;xx;xx;xx;0402R;xx;xx;xx;xx;lib/empreinte/0402.json;lib/symbole/resistor.json;lib/simulation/resistor.sub
R0402_680R;General;Resistor - CMS Type 0402 - Reflow;Resistor;R;2;0.50000;0.00000;680R;Passive;xx;OPEN;xx;xx;xx;xx;;;;;;;;+/-1%;60mW;xx;xx;xx;xx;xx;xx;0402R;xx;xx;xx;xx;lib/empreinte/0402.json;lib/symbole/resistor.json;lib/simulation/resistor.sub
R0402_910K;General;Resistor - CMS Type 0402 - Reflow;Resistor;R;2;0.50000;0.00000;910K;Passive;xx;OPEN;xx;xx;xx;xx;;;;;;;;+/-1%;60mW;xx;xx;xx;xx;xx;xx;0402R;xx;xx;xx;xx;lib/empreinte/0402.json;lib/symbole/resistor.json;lib/simulation/resistor.sub
R0603_0R0;General;Resistor - CMS Type 0603 - Reflow;Resistor;R;2;0.50000;0.00000;0R0;Passive;xx;OPEN;xx;xx;xx;xx;;;;;;;;+/-1%;63mW;xx;xx;xx;xx;xx;xx;0603R;xx;xx;xx;xx;lib/empreinte/0603.json;lib/symbole/resistor.json;lib/simulation/resistor.sub
R0603_1K;General;Resistor - CMS Type 0603 - Reflow;Resistor;R;2;0.50000;0.00000;1K;Passive;xx;OPEN;xx;xx;xx;xx;;;;;;;;+/-1%;60mW;xx;xx;xx;xx;xx;xx;0603R;xx;xx;xx;xx;lib/empreinte/0603.json;lib/symbole/resistor.json;lib/simulation/resistor.sub
R0603_1K5;General;Resistor - CMS Type 0603 - Reflow;Resistor;R;2;0.50000;0.00000;1K5;Passive;xx;OPEN;xx;xx;xx;xx;;;;;;;;+/-1%;60mW;xx;xx;xx;xx;xx;xx;0603R;xx;xx;xx;xx;lib/empreinte/0603.json;lib/symbole/resistor.json;lib/simulation/resistor.sub
R0603_2K;General;Resistor - CMS Type 0603 - Reflow;Resistor;R;2;0.50000;0.00000;2K;Passive;xx;OPEN;xx;xx;xx;xx;;;;;;;;+/-1%;63mW;xx;xx;xx;xx;xx;xx;0603R;xx;xx;xx;xx;lib/empreinte/0603.json;lib/symbole/resistor.json;lib/simulation/resistor.sub
R0603_2K21;General;Resistor - CMS Type 0603 - Reflow - 1/10W - 1%;Resistor;R;2;0.50000;0.00000;2K21;Passive;xx;OPEN;xx;xx;xx;xx;;;;;;;;+/-1%;100mW;xx;xx;xx;xx;xx;xx;0603R;xx;xx;xx;xx;lib/empreinte/0603.json;lib/symbole/resistor.json;lib/simulation/resistor.sub
R0603_3K9;General;Resistor - CMS Type 0603 - Reflow - 0.1%;Resistor;R;2;0.50000;0.00000;3K9;Passive;xx;OPEN;xx;xx;xx;xx;;;;;;;;+/-0.1%;63mW;xx;xx;xx;xx;xx;xx;0603R;xx;xx;xx;xx;lib/empreinte/0603.json;lib/symbole/resistor.json;lib/simulation/resistor.sub
R0603_4K7;General;Resistor - CMS Type 0603 - Reflow;Resistor;R;2;0.50000;0.00000;4K7;Passive;xx;OPEN;xx;xx;xx;xx;;;;;;;;+/-1%;63mW;xx;xx;xx;xx;xx;xx;0603R;xx;xx;xx;xx;lib/empreinte/0603.json;lib/symbole/resistor.json;lib/simulation/resistor.sub
R0603_6K8;General;Resistor - CMS Type 0603 - Reflow - 1/10W - 0.1%;Resistor;R;2;0.50000;0.00000;6K8;Passive;xx;OPEN;xx;xx;xx;xx;;;;;;;;+/-0.1%;100mW;xx;xx;xx;xx;xx;xx;0603R;xx;xx;xx;xx;lib/empreinte/0603.json;lib/symbole/resistor.json;lib/simulation/resistor.sub
R0603_10K;General;Resistor - CMS Type 0603 - Reflow - 1/10W - 5%;Resistor;R;2;0.50000;0.00000;10K;Passive;xx;OPEN;xx;xx;xx;xx;;;;;;;;+/-5%;100mW;xx;xx;xx;xx;xx;xx;0603R;xx;xx;xx;xx;lib/empreinte/0603.json;lib/symbole/resistor.json;lib/simulation/resistor.sub
R0603_12K;General;Resistor - CMS Type 0603 - Reflow - 1/10W - 5%;Resistor;R;2;0.50000;0.00000;12K;Passive;xx;OPEN;xx;xx;xx;xx;;;;;;;;+/-5%;100mW;xx;xx;xx;xx;xx;xx;0603R;xx;xx;xx;xx;lib/empreinte/0603.json;lib/symbole/resistor.json;lib/simulation/resistor.sub
R0603_12K1;General;Resistor - CMS Type 0603 - Reflow - 1/10W - 1%;Resistor;R;2;0.50000;0.00000;12K1;Passive;xx;OPEN;xx;xx;xx;xx;;;;;;;;+/-1%;100mW;xx;xx;xx;xx;xx;xx;0603R;xx;xx;xx;xx;lib/empreinte/0603.json;lib/symbole/resistor.json;lib/simulation/resistor.sub
R0603_14K7;General;Resistor - CMS Type 0603 - Reflow - 1/10W - 1%;Resistor;R;2;0.50000;0.00000;14K7;Passive;xx;OPEN;xx;xx;xx;xx;;;;;;;;+/-1%;100mW;xx;xx;xx;xx;xx;xx;0603R;xx;xx;xx;xx;lib/empreinte/0603.json;lib/symbole/resistor.json;lib/simulation/resistor.sub
R0603_20K5;General;Resistor - CMS Type 0603 - Reflow - 1/10W - 1%;Resistor;R;2;0.50000;0.00000;20K5;Passive;xx;OPEN;xx;xx;xx;xx;;;;;;;;+/-1%;100mW;xx;xx;xx;xx;xx;xx;0603R;xx;xx;xx;xx;lib/empreinte/0603.json;lib/symbole/resistor.json;lib/simulation/resistor.sub
R0603_22R;General;Resistor - CMS Type 0603 - Reflow;Resistor;R;2;0.50000;0.00000;22R;Passive;xx;OPEN;xx;xx;xx;xx;;;;;;;;+/-1%;63mW;xx;xx;xx;xx;xx;xx;0603R;xx;xx;xx;xx;lib/empreinte/0603.json;lib/symbole/resistor.json;lib/simulation/resistor.sub
R0603_28K;General;Resistor - CMS Type 0603 - Reflow - 1/10W - 0.1%;Resistor;R;2;0.50000;0.00000;28K;Passive;xx;OPEN;xx;xx;xx;xx;;;;;;;;+/-0.1%;100mW;xx;xx;xx;xx;xx;xx;0603R;xx;xx;xx;xx;lib/empreinte/0603.json;lib/symbole/resistor.json;lib/simulation/resistor.sub
R0603_33K2;General;Resistor - CMS Type 0603 - Reflow - 1/10W - 0.1%;Resistor;R;2;0.50000;0.00000;33K2;Passive;xx;OPEN;xx;xx;xx;xx;;;;;;;;+/-0.1%;100mW;xx;xx;xx;xx;xx;xx;0603R;xx;xx;xx;xx;lib/empreinte/0603.json;lib/symbole/resistor.json;lib/simulation/resistor.sub
R0603_33R;General;Resistor - CMS Type 0603 - Reflow - 1/10W - 5%;Resistor;R;2;0.50000;0.00000;33R;Passive;xx;OPEN;xx;xx;xx;xx;;;;;;;;+/-5;100mW;xx;xx;xx;xx;xx;xx;0603R;xx;xx;xx;xx;lib/empreinte/0603.json;lib/symbole/resistor.json;lib/simulation/resistor.sub
R0603_47K;General;Resistor - CMS Type 0603 - Reflow;Resistor;R;2;0.50000;0.00000;47K;Passive;xx;OPEN;xx;xx;xx;xx;;;;;;;;+/-1%;63mW;xx;xx;xx;xx;xx;xx;0603R;xx;xx;xx;xx;lib/empreinte/0603.json;lib/symbole/resistor.json;lib/simulation/resistor.sub
R0603_56K2;General;Resistor - CMS Type 0603 - Reflow - 1/10W - 1%;Resistor;R;2;0.50000;0.00000;56K2;Passive;xx;OPEN;xx;xx;xx;xx;;;;;;;;+/-1%;100mW;xx;xx;xx;xx;xx;xx;0603R;xx;xx;xx;xx;lib/empreinte/0603.json;lib/symbole/resistor.json;lib/simulation/resistor.sub
R0603_56R;General;Resistor - CMS Type 0603 - Reflow - 1/10W - 5%;Resistor;R;2;0.50000;0.00000;56R;Passive;xx;OPEN;xx;xx;xx;xx;;;;;;;;+/-5%;100mW;xx;xx;xx;xx;xx;xx;0603R;xx;xx;xx;xx;lib/empreinte/0603.json;lib/symbole/resistor.json;lib/simulation/resistor.sub
R0603_100K;General;Resistor - CMS Type 0603 - Reflow - 1/10W - 5%;Resistor;R;2;0.50000;0.00000;100K;Passive;xx;OPEN;xx;xx;xx;xx;;;;;;;;+/-5%;100mW;xx;xx;xx;xx;xx;xx;0603R;xx;xx;xx;xx;lib/empreinte/0603.json;lib/symbole/resistor.json;lib/simulation/resistor.sub
R0603_100R;General;Resistor - CMS Type 0603 - Reflow - 1/10W - 5%;Resistor;R;2;0.50000;0.00000;100R;Passive;xx;OPEN;xx;xx;xx;xx;;;;;;;;+/-5%;100mW;xx;xx;xx;xx;xx;xx;0603R;xx;xx;xx;xx;lib/empreinte/0603.json;lib/symbole/resistor.json;lib/simulation/resistor.sub
R0603_470R;General;Resistor - CMS Type 0603 - Reflow - 1/10W - 5%;Resistor;R;2;0.50000;0.00000;470R;Passive;xx;OPEN;xx;xx;xx;xx;;;;;;;;+/-5%;100mW;xx;xx;xx;xx;xx;xx;0603R;xx;xx;xx;xx;lib/empreinte/0603.json;lib/symbole/resistor.json;lib/simulation/resistor.sub
R0603_909R;General;Resistor - CMS Type 0603 - Reflow - 1/10mW - 0.1%;Resistor;R;2;0.50000;0.00000;909R;Passive;xx;OPEN;xx;xx;xx;xx;;;;;;;;+/-0.1%;100mW;xx;xx;xx;xx;xx;xx;0603R;xx;xx;xx;xx;lib/empreinte/0603.json;lib/symbole/resistor.json;lib/simulation/resistor.sub
R0805_0R0;General;Resistor - CMS Type 0805 - Reflow;Resistor;R;2;0.50000;0.00000;0R0;Passive;xx;OPEN;xx;xx;xx;xx;;;;;;;;+/-1%;125mW;xx;xx;xx;xx;xx;xx;0805R;xx;xx;xx;xx;lib/empreinte/0805.json;lib/symbole/resistor.json;lib/simulation/resistor.sub
R1206_0R120;General;120 mOhms 1% 0.5W, 1/2W Chip Resistor 1206 (3216 Metric)  Thick Film;Resistor;R;2;0.70000;0.00000;0R120;Passive;xx;OPEN;xx;xx;xx;xx;;;;;;;;+/-1%;500mW;xx;xx;xx;xx;xx;xx;1206R;xx;xx;xx;xx;lib/empreinte/1206.json;lib/symbole/resistor.json;lib/simulation/resistor.sub
R1210_xxxx;General;Resistor - CMS Type 1210 - Reflow;Resistor;R;2;0.70000;0.00000;;Passive;;;;;;;;;;;;;;;;;;;;;;;;;;;lib/empreinte/0603.json;lib/symbole/resistor.json;lib/simulation/resistor.sub
R2512_0R047;General;RESISTOR - CMS Type 2512 - 47 mOhms - 1% - 1 W;Resistor;R;2;0.55000;0.00000;0R047;Passive;RL2512FK-070R047L;YAGEO;RL2512FK-070R047L;;;;;;;;;;;+/-1%;1W;xx;xx;xx;;;;2512R;;;;;lib/empreinte/2512.json;lib/symbole/resistor.json;lib/simulation/resistor.sub
R2512_10R;General;RESISTOR - CMS Type 2512 - 10 Ohms - 5% - 1 W;Resistor;R;2;0.55000;0.00000;10R;Passive;xx;OPEN;xx;;;;;;;;;;;+/-5%;1W;xx;xx;xx;;;;2512R;;;;;lib/empreinte/2512.json;lib/symbole/resistor.json;lib/simulation/resistor.sub
R2512_100K;General;RESISTOR - CMS Type 2512 - 100K Ohms - 0.1% - 1 W;Resistor;R;2;0.55000;0.00000;100K;Passive;xx;OPEN;xx;;;;;;;;;;;+/-0.1%;1W;xx;xx;xx;;;;2512R;;;;;lib/empreinte/2512.json;lib/symbole/resistor.json;lib/simulation/resistor.sub
R_STAND-0.25W-XXX;General;Resistance de precision Couche Metallique - TRAV - Wave;Resistor;R;2;12.00000;10.00000;xx;Passive;xx;OPEN;xx;xx;xx;xx;;;;;;;;+/-1%;0.25W;xx;xx;xx;xx;xx;xx;xx;xx;xx;xx;xx;;lib/symbole/resistor.json;lib/simulation/resistor.sub
REG_BD9E302EFJ-E2;General;ADJ DC/DC CONV, SYNC BUCK, 550KHZ, HTSOIC-8 - SMD;Regulator;U;9;1.00000;0.00000;ADJ;Active;BD9E302EFJ-E2;ROHM;BD9E302EFJ-E2;;;;;;;;;;;;;;;;;;;;;;;;;lib/symbole/ic.json;
REG_LD39050PU25R;General;LDO Voltage Regulators 2.5V 500mA ULTRA LDO;Regulator;U;7;1.00000;;;Active;LD39050PU25R;ST;LD39050PU25R;xx;xx;xx;;;;;;;;;;;;2.5V;;;;;;;;;;lib/symbole/regulator.json;
REG_LM78L05ACMX;General;5V - 100mA - Fixed Output Linear Regulator - SOIC-8 - SMD;Regulator;U;8;1.75000;0.00000;5V;Active;LM78L05ACMX/NOPB;TEXAS INSTRUMENTS;LM78L05ACMX/NOPB;;;;L78L05ACD13TR_STM;L78L05ACD13TR;STM;;;;;;750mW;;;5V;100mA;125;0;SOIC-8;5.0x6.2mm;;;;lib/empreinte/SOIC-8.json;lib/symbole/regulator.json;
REG_LP2950CDTX-5.0;General;Series of Fixed Micropower Voltage Regulators - TO-252-3 - SMD;Regulator;U;3;2.55000;0.00000;5V;Active;LP2950CDT-5.0/NOPB;TI;LP2950CDT-5.0/NOPB;;;;LP2950CDT-5.0G_ONSEMI;LP2950CDT-5.0G;ONSEMI;;;;;;500mW;xx;xx;5V;100mA;125;-40;TO-252-3;10mmx6.5mm;;;;lib/empreinte/TO-252.json;lib/symbole/regulator.json;
REG_LP2980AIM5X-3.3;General;Fixed LDO Voltage Regulator, 120 mV Dropout, 3.3 V / 50 mA out, SOT-23-5 - SMD;Regulator;U;5;1.45000;0.00000;3.3V;Active;LP2980AIM5X-3.3/NOPB;TEXAS INSTRUMENTS;LP2980AIM5X-3.3/NOPB;xx;xx;xx;;;;;;;;xx;xx;xx;xx;3.3V;50mA;125;-40;SOT23-5;3x1.75mm;xx;;;lib/empreinte/SOT-23-5.json;lib/symbole/regulator.json;
REG_MCP1603T-ADJI/OS;General;ADJ DC/DC - StepDown Converter - PWM/PFM 2MHz 500mA - TSOT5 - SMD;Regulator;U;5;1.10000;0.00000;ADJ;Active;MCP1603T-ADJI/OS;Microchip;MCP1603T-ADJI/OS;xx;xx;xx;;;;;;;;xx;;;;5.5V;500mA;xx;xx;;;;;;;lib/symbole/ic.json;
REG_R1180Q281B-TR-FE;General;LDO Voltage Regulators Low Supply Current 150mA Voltage Regulator - SMD;Regulator;U;4;1.05000;0.00000;2.8V;Active;R1180Q281B-TR-FE;Nisshinbo Micro;R1180Q281B-TR-FE;xx;xx;xx;XC6215B282NR_TOREX;XC6215B282NR;TOREX;;;;;xx;250mW;xx;;1.7V-6V;150mA;xx;xx;SC-82AB;xx;xx;xx;;;lib/symbole/regulator.json;
REG_R1180Q331B/C;General;LDO Voltage Regulators Low Supply Current 150mA Voltage Regulator - SMD;Regulator;U;4;1.05000;0.00000;3.3V;Active;R1180Q331B-TR-FE;Nisshinbo Micro;R1180Q331B-TR-FE;xx;xx;xx;XC6215B332NR_TOREX;XC6215B332NR;TOREX;;;;;xx;250mW;xx;;xx;150mA;xx;xx;SC-82AB;xx;xx;xx;;;lib/symbole/regulator.json;
REG_TPS78230DDCT;General;LDO Voltage Regulator, 150mA, 3.3 V +/-3%, 2.2  5.5 Vin, 5-Pin SOT - SMD;Regulator;U;5;1.10000;0.00000;3.3V;Active;TPS78230DDCT;TI;TPS78230DDCT;;;;;;;;;;;;;;;3.3V;;;;;;;;;;lib/symbole/regulator.json;
REG_XC6231A332PR-G;General;LDO Voltage Regulators - SMD;Regulator;U;7;1.50000;0.00000;3.3V;Active;XC6231A332PR-G;TOREX;XC6231A332PR-G;xx;xx;xx;;;;;;;;xx;1W;xx;xx;3.3V;500mA;xx;xx;;;;;;;lib/symbole/regulator.json;
RF-BC660KGLAA;General;Compact NB-IoT Module - 17.7mm x 15.8mm - SMD;Integrated Circuit RF;U;58;2.20000;0.00000;NBIOT;Active;BC660KGLAAR01A05_01.304.01.304;Quectel;BC660KGLAAR01A05_01.304.01.304;xx;xx;xx;;;;;;;;xx;xx;xx;xx;xx;xx;xx;xx;xx;xx;;;;;lib/symbole/ic.json;
RF_AS179-92LF;General;Switch RF boitier - SC70-6 - SMD - reflow;Integrated Circuit RF;U;6;0.90000;0.05000;20MHz-4GHz;Active;AS179-92LF;SKYWORKS;xx;xx;xx;xx;4259-63_PSEMI CORP , CG2179M2-C4_CEL;4259-63;PSEMI CORP;CG2179M2-C4 ;CEL;;;xx;xx;20MHz-4GHz;xx;xx;xx;xx;xx;SC70-6;xx;0.65;;;lib/empreinte/SC-70.json;lib/symbole/ic.json;
RF_BALFHB-WL-05D3;General;50  nominal input / conjugate match balun to QFN-4L STM32WL in low power mode, 862-928 MHz with integrated harmonic filter;;IC;8;0.68000;;;Active;BALFHB-WL-05D3;STMicroelectronics;BALFHB-WL-05D3;;;;;;;;;;;;;;;;;;;;;;;;;lib/symbole/ic.json;
RF_BGA7L1BN6E6327XTSA1;General;LNA - RF Amplifier, 13.3 dB Gain / 0.9 dB Noise, 728 MHz to 960 MHz, 1.5 V to 3.3 V supply - TSNP-6 - SMD;Integrated Circuit RF;U;6;0.40000;0.00000;BGA7L1BN6E6327XTSA1;Active;BGA7L1BN6E6327XTSA1;Infineon;BGA7L1BN6E6327XTSA1;xx;xx;xx;;;;;;;;xx;xx;xx;;xx;xx;xx;xx;xx;xx;xx;xx;xx;;lib/symbole/opamp.json;lib/simulation/opamp_ideal.sub
RF_BGX220P22HNA21R;General;Bluetooth Modules, 5.2 cable replacement PCB module, +8dbm, internal antenna - SMD;Integrated Circuit RF;U;31;2.40000;0.00000;BGX220P22HNA21R;Active;BGX220P22HNA21;Silicon Labs;BGX220P22HNA21R;xx;xx;xx;;;;;;;;xx;xx;2.44GHz;xx;1.8V-3.8V;xx;105C;-40C;xx;;;;;;lib/symbole/ic.json;
RF_EFR32BG22CC224F512IM40;General;Bluetooth Modules - 802.15.1 - Bluetooth v5.3 PCB Module with integrated antenna  - SMD;Integrated Circuit RF;U;31;2.50000;0.00000;453-00090R;Active;453-00090R;Laird Connectivity ;453-00090R;xx;xx;;;;;;;;;xx;xx;xx;xx;xx;xx;xx;xx;xx;xx;xx;;;;lib/symbole/ic.json;
RF_HRS-1232LR-P01x189-D_reflow;General;W2G - SMD;Integrated Circuit RF;HRS;43;2.70000;0.00000;W2G;Active;P01x289BOM-R;Birdz;xx;xx;xx;xx;;;;;;;;xx;xx;xx;xx;3.6V;xx;xx;xx;xx;xx;xx;xx;xx;;lib/symbole/header.json;
RF_HRS_1272LR-P01x219-D1_reflow;General;W3G - SMD;Integrated Circuit RF;HRS;43;2.70000;0.00000;W3G;Active;P01x219BOM-D;Birdz;xx;xx;xx;xx;;;;;;;;xx;xx;xx;xx;3.6V;xx;xx;xx;xx;xx;xx;xx;xx;;lib/symbole/header.json;
RF_LR2012;General;RF Transceiver LR2012 LoRa;Integrated Circuit RF;IC;33;1.00000;;;Active;LR2012;SEMTECH;LR2012;;;;;;;;;;;;;;;;;;;;;;;;;lib/symbole/ic.json;
RF_NBIOT_ST87M01;General;Ultra-compact, low-power NB-IoT industrial module series with GNSS capability - SMD;Integrated Circuit RF;U;51;2.40000;0.00000;;Active;ST87M01-1000;ST;ST87M01-1000;;;;;;;;;;;;;;;;;;;;;;;;;lib/symbole/ic.json;
RF_NTP53321G0JHKZ;General;NTAG5LINK NFC NXP Ctun=15pF, EEPROM : 2048 bytes , SRAM 256 bytes - SMD;NFC TAG;U;16;0.60000;0.00000;13.56MHz;Active;NTP53321G0JHKZ ;NXP;NTP53321G0JHKZ;xx;xx;xx;;;;;;;;xx;xx;13.56MHz;xx;1.6V-5V;xx;xx;xx;XQFN16;xx;xx;xx;xx;lib/empreinte/QFN-16.json;lib/symbole/ic.json;
RF_SARA-N310;General;Multi-band NB-IoT module - SMD;Integrated Circuit RF;U;96;2.65000;0.00000;NBIOT;Active;SARA-N310-00X-03;UBLOX;SARA-N310-00X-03;;;;;;;;;;;;;700MHz-1800MHz;;;;;;;26*16*2.4;;;;;lib/symbole/ic.json;
RF_SIM7600G-H_R2;General;Cellular EDGE, GPRS, GSM, HSPA+, LTE Transceiver Module 850MHz, 900MHz, 1.8GHz, 1.9GHz - SMD;Integrated Circuit RF;U;135;3.10000;0.00000;SIM7600G-H;Active;SIM7600G-H-R2;SIMCOM;S2-1097D-Z307J;;;;;;;;;;;;;;;3.4V-4.2V;;85;-40;;30x30mm;1.0mm;;;;lib/symbole/ic.json;
RF_SKY13446-374LF;General;RF Switch ICs .1-6GHz SPDT GaAs - SMD;Integrated Circuit RF;U;7;0.50000;0.00000;SKY13446-374LF;Active;SKY13446-374LF;SKYWORKS;SKY13446-374LF;xx;xx;xx;;;;;;;;xx;xx;100MHz - 6GHz;xx;xx;xx;xx;xx;xx;xx;xx;xx;xx;;lib/symbole/ic.json;
RF_ST25DV16K-JFR8D3;General;ST25DV16K NFC ST Ctun=28.5pF, EEPROM : 2048 bytes , SRAM 256 bytes - SMD;NFC TAG;U;13;0.60000;0.00000;;Active;ST25DV16K-JFR6D3;STmicroelectronics;ST25DV64K-JFR8D3;xx;xx;xx;;;;;;;;xx;xx;13.56MHz;xx;xx;xx;xx;xx;UFDFPN12;xx;xx;xx;xx;;lib/symbole/ic.json;
RF_ST25DV16KC-IE6S3;General;Dynamic NFC/RFID tag IC with 16-Kbit EEPROM, and fast transfer mode capability;NFC TAG;U;8;1.75000;0.00000;ST25DV16KC-IE6S3;Active;ST25DV16KC-IE6S3;STmicroelectronics;ST25DV16KC-IE6S3;xx;xx;xx;;;;;;;;xx;xx;13.56MHz;xx;xx;xx;xx;xx;SON8;xx;xx;xx;xx;;lib/symbole/ic.json;
RF_ST25DV16KC-IE6T3;General;Dynamic NFC/RFID TAG IC with 16-Kbit EEPROM - TSSOP8 - SMD - Reflow;NFC TAG;U;8;1.20000;0.00000;ST25DV16KC-IE6T3;Active;ST25DV16KC-IE6T3;STmicroelectronics;ST25DV16KC-IE6T3;xx;xx;xx;;;;;;;;xx;xx;13.56MHz;xx;xx;xx;xx;xx;TSSOP8;xx;xx;xx;xx;lib/empreinte/SOIC-8.json;lib/symbole/ic.json;
RF_SX1261;General;Low-Power UHF Transceiver  - 24-lead QFN 4*4 package - SMD - Reflow;Integrated Circuit RF;U;34;0.90000;0.00000;SX1261;Active;SX1261IMLTRT    ;SEMTECH;xx;xx;xx;xx;;;;;;;;xx;xx;xx;;1.8V to 3.7V;xx;125;-55;QFN24;4mm*4mm;0.5mm;xx;xx;lib/empreinte/QFN-24.json;lib/symbole/ic.json;
RF_SX1272;General;Low-Power UHF Transceiver  - 28-lead QFN 6*6 package - SMD -  Reflow;Integrated Circuit RF;U;38;1.00000;0.00000;SX1272IMLTRT;Active;SX1272IMLTRT;SEMTECH;xx;xx;xx;xx;;;;;;;;xx;xx;860MHz-1.02GHz;xx;3.6V;xx;xx;xx;QFN-EP-28;xx;xx;xx;xx;;lib/symbole/ic.json;
RF_WT12-A-AI5;General;Bluetooth Modules (802.15.1) WT12 Class 2 2.1+EDR w/Chip Ant iWRAP 5.0 - SMD;Integrated Circuit RF;U;31;2.60000;0.00000;WT12-A-AIx;Active;WT12-A-AI4C;Silicon Labs;WT12-A-AIx;xx;xx;xx;;;;;;;;xx;xx;2.44GHz;xx;xx;xx;xx;xx;xx;xx;xx;xx;xx;;lib/symbole/ic.json;
SAW_FILTER_866.5MHz_B3717;General;Filtre Saw 866.5 MHz -3.0*3.0 - SMD - Reflow;Saw;FLT;6;1.10000;0.00000;869MHz;Active;B39871B3717U410;Qualcomm RF360;B39871B3717U410;;;;;SF2314E (RFMi);;;;;;;;;;;;-40C;+85C;;3mm*3mm*1.1mm;;;;;lib/symbole/ic.json;
SELF_ADA;General;ADA Coil for detection;Inductor;L;2;14.60000;8.60000;53uH;Passive;;;xx;xx;xx;xx;;;;;;;;;xx;xx;xx;xx;xx;xx;xx;xx;xx;xx;xx;xx;;lib/symbole/inductor.json;lib/simulation/inductor.sub
SELF_ADA_Honeywell;General;ADA Coil for detection;Inductor;L;2;14.60000;8.60000;1mH;Passive;;;xx;xx;xx;xx;;;;;;;;+/-5%;xx;xx;xx;xx;xx;xx;xx;xx;xx;xx;xx;xx;;lib/symbole/inductor.json;lib/simulation/inductor.sub
SELF_SENSUS;General;Sensus Coil for Sensus's detection - TH;Inductor;L;2;14.60000;8.60000;53uH;Passive;Waiting from Sensus;KASCHKE;xx;xx;xx;xx;;;;;;;;10% (E12);xx;xx;xx;xx;xx;xx;xx;xx;xx;xx;xx;xx;;lib/symbole/inductor.json;lib/simulation/inductor.sub
SIM_Connector_78646-3001;General;Standard Micro SIM Card connector - SMD;Connector;J;14;1.55000;0.00000;;Active;78646-3001;Molex;78646-3001;;;;;;;;;;;;;;;;;;;;;;;;;lib/symbole/header.json;
SIM_Connector_MUP-C792;General;Standard Micro SIM Card connector - SMD;Connector;J;11;4.00000;0.00000;;Active;MUP-C792;MUP;MUP-C792;;;;;;;;;;;;;;;;;;;;;;;;;lib/symbole/header.json;
SIM_SIM7200-6-0-18-00-A;General;Micro SIM Card Connector Hinged Type, 6 Pin, 1.75mm Profile - SMD;Connector;J;8;1.75000;;Micro_SIM;Passive;SIM7200-6-0-18-00-A;GCT;SIM7200-6-0-18-00-A;;;;;;;;;;;;;;;;;;;;;;;;;lib/symbole/header.json;
STRAP_point_de_soudure;General;Grain de soudure format 0603;Strap;ST;2;0.10000;0.00000;A_SOUDER;Passive;xx;xx;xx;xx;xx;xx;;;;;;;;xx;xx;xx;xx;xx;xx;xx;xx;xx;xx;xx;xx;xx;;lib/symbole/ic.json;
STSAFE-A110SO8;General;STMicroelectronics Authentication, security for peripherals and IoT devices - SOIC-8 - SMD;Integrated Circuit;IC;8;1.75000;0.00000;;Active;STSAFE-A110SO8;ST;STSAFE-A110SO8;;;;;;;;;;;;;;;;;150;-40;;;;;;;lib/symbole/ic.json;
SW_USB_FSUSB42MUX;General;Bi-Dir two port High speed switch (DPDT)- OVT 5.25V - 10-Lead MSOP (1.4 x 1.8mm) - SMD;Switch;SW;10;1.10000;0.00000;FSUSB42MUX;Active;FSUSB42MUX;ONSEMI;FSUSB42MUX;xx;xx;xx;;;;;;;;xx;xx;xx;xx;xx;xx;xx;xx;MSOP-10;4.9x3.0mm;xx;xx;;lib/empreinte/MSOP-10.json;lib/symbole/switch.json;
TCXO_32MHz_NT2016SA_NDK;General;TCX0 32MHz (ETS10B-06057B) - 2.00*1.60 - 4-SMD - Reflow;Crystal;Y;4;0.70000;0.00000;32MHz;Active;NT2016SA-Specn EN4176B (ETS10B-06057B);NDK;xx;xx;xx;xx;IT2105-32MHz_RAKON, NT2016SA-Specn EN4176E (ETS10B-13299)_NDK, T6393 RST2016N 32.0 MHz -Rev B_RAKON;IT2105-32MHz;RAKON;NT2016SA-Specn EN4176E (ETS10B-13299);NDK;T6393 RST2016N 32.0 MHz -Rev B;RAKON;xx;xx;32MHz;+/-2.5ppm;xx;xx;xx;xx;xx;xx;xx;;;;lib/symbole/crystal.json;
TCXO_32MHz_NT2016SA_NDK_RENESAS;General;TCX0 32MHz (ETS10B-13299) - 2.00*1.60 - 4-SMD - Reflow;Crystal;Y;4;0.70000;0.00000;32MHz;Active;NT2016SA-Specn EN4176E;NDK;xx;xx;xx;xx;T6393 RST2016N 32.0 MHz -Rev B_RAKON;T6393 RST2016N 32.0 MHz -Rev B;RAKON;;;;;xx;xx;32MHz;+/-2.5ppm;xx;xx;xx;xx;xx;xx;xx;;;;lib/symbole/crystal.json;
Testpoint_1.5mm;General;POINT TEST 1.5mm CMS;Testpoint;PTST;1;0.01000;0.00000;1.5mm;Passive;D1.5mm;BIRDZ;xx;xx;xx;xx;;;;;;;;xx;xx;xx;;xx;xx;xx;xx;;;;;;;lib/symbole/testpoint.json;
Testpoint_1mm;General;POINT TEST 1mm CMS;Testpoint;PTST;1;0.01000;0.00000;1mm;Passive;D1mm;BIRDZ;xx;xx;xx;xx;;;;;;;;xx;xx;xx;;xx;xx;xx;xx;;;;;;;lib/symbole/testpoint.json;
Testpoint_2mm;General;POINT TEST 2mm CMS;Testpoint;PTST;1;0.01000;0.00000;2mm;Passive;D2mm;BIRDZ;xx;xx;xx;xx;;;;;;;;xx;xx;xx;;xx;xx;xx;xx;;;;;;;lib/symbole/testpoint.json;
Testpoint_Grip;General;Point de test type grip fil CMS;Testpoint;PTST;1;2.00000;0.00000;3.25mm;Passive;S1751-46R;Harwin;xx;xx;xx;xx;;;;;;;;xx;xx;xx;;xx;xx;xx;xx;;;;;;;lib/symbole/testpoint.json;
Testpoint_HFS_810_micoCHIP;General;"POINT TEST H.F pour Test probe HFS 810 ""INGUN""";Testpoint;PTST;3;0.01000;0.00000;TESTPOINT_HF;Passive;HFS810;INGUN;xx;xx;xx;xx;;;;;;;;xx;xx;xx;xx;xx;xx;xx;xx;xx;xx;xx;;;;lib/symbole/testpoint.json;
Testpoint_square_0.8mm;General;POINT TEST 8mm CMS;Testpoint;PTST;1;0.01000;0.00000;0.8mm;Passive;D1mm;BIRDZ;xx;xx;xx;xx;;;;;;;;xx;xx;xx;;xx;xx;xx;xx;;;;;;;lib/symbole/testpoint.json;
Testpoint_square_1mm;General;POINT TEST 1mm CMS;Testpoint;PTST;1;0.01000;0.00000;1mm;Passive;D1mm;BIRDZ;xx;xx;xx;xx;;;;;;;;xx;xx;xx;;xx;xx;xx;xx;;;;;;;lib/symbole/testpoint.json;
TPD1E1B04DPYT;General;1-channel ESD protection diode with low dynamic resistance and low clamping voltage;Diode;ESD;2;;;;Passive;;;;;;;;;;;;;;;;;;;;;;;;;;;;lib/symbole/tvs_diode.json;lib/simulation/diode.sub
TRAN_DNPN_DTC144EKAT146;General;NPN 100mA 50V Digital Transistor (Bias 47K Resistor Built-in Transistor) - SOT346-3 - SMD;Transistor;Q;3;1.00000;0.00000;NPN_47K;Active;DTC144EKAT146;ROHM;DTC144EKAT146;;;;MMUN2213LT1G_ONSEMI;MMUN2213LT1G;ON SEMICONDUCTOR ;;;;;;200mW;;;50V;100mA;150;-55;SOT-346-3;;;;;;lib/symbole/npn.json;lib/simulation/bjt_npn.sub
TRAN_MOS-BSS84;General;P-Channel - 60V - 170mA - MOSFET- SOT23-3 - SMD - Reflow;Transistor;Q;3;1.12000;0.00000;P_MOS;Active;BSS84P H6327;Infineon;BSS84P H6327;xx;xx;xx;BSS84T116_ROHM;BSS84T116;ROHM;;;;;xx;xx;;;60V;170mA;150;-55;SOT23-3;;;;;lib/empreinte/SOT-23.json;lib/symbole/nmos.json;lib/simulation/mosfet_n.sub
TRAN_MOS-BSS123;General;N-Channel 100V (D-S) MOSFET- SOT23-3 - SMD - Reflow;Transistor;Q;3;1.20000;0.00000;N_MOS;Active;BSS123;ON semiconductor;BSS123;xx;xx;xx;DIODES INC;;DIODES INC;;;;;xx;360mW;;;;;;;SOT23-3;;;;;lib/empreinte/SOT-23.json;lib/symbole/nmos.json;lib/simulation/mosfet_n.sub
TRAN_MOS-BSS131;General;N-Channel 240V (D-S) MOSFET- SOT23-3 - SMD - Reflow;Transistor;Q;3;1.20000;0.00000;N_MOS;Active;BSS131H6327;Infineon;BSS131H6327;xx;xx;xx;TN2124K1-G_Microchip;TN2124K1-G;MicroChip;;;;;xx;360mW;;;240V;;;;SOT23-3;;;;;lib/empreinte/SOT-23.json;lib/symbole/nmos.json;lib/simulation/mosfet_n.sub
TRAN_MOS-IRLML6401PBF;General;P-Channel Ultra Low On-Resistance MOSFET - SOT23-3 - SMD - Reflow;Transistor;Q;3;1.12000;0.00000;P_MOS;Active;IRLML6401PBF;INTERNATIONAL RECTIFIER;xx;xx;xx;xx;;;;;;;;xx;xx;xx;xx;xx;xx;xx;xx;SOT23-3;xx;xx;xx;xx;lib/empreinte/SOT-23.json;lib/symbole/nmos.json;lib/simulation/mosfet_n.sub
TRAN_MOS-MGSF2N02EL;General;Power MOSFET-N 2.8 Amps-20 Volts - SOT23-3 - SMD - Reflow;Transistor;Q;3;1.00000;0.00000;N_MOS;Active;MGSF2N02ELT1G;ON semiconductor;MGSF2N02EL;xx;xx;xx;;;;;;;;xx;1.25W;xx;xx;20V;xx;xx;xx;SOT23-3;xx;xx;xx;xx;lib/empreinte/SOT-23.json;lib/symbole/nmos.json;lib/simulation/mosfet_n.sub
TRAN_MOS-SI2301CDS;General;P-MOS Transistor 3.1A 20V 110mR - SOT-23-3 - SMD - Reflow;Transistor;Q;3;1.12000;0.00000;P_MOS;Active;SI2301CDS-T1-E3;Vishay;SI2301CDS-T1-E3;;;;;;;;;;;;;;;20V;3.1A;150;-55;SOT23-3;;;;;lib/empreinte/SOT-23.json;lib/symbole/npn.json;lib/simulation/bjt_npn.sub
TRAN_MOS-SI2305;General;P-Channel - 8V - 5.8A - MOSFET- SOT23-3 - SMD - Reflow;Transistor;Q;3;1.12000;0.00000;P_MOS;Active;SI2305CDS-T1-GE3;Vishay;SI2305CDS-T1-GE3;xx;xx;xx;SI2305CDS-T1-BE3_VISHAY;SI2305CDS-T1-BE3;VISHAY;;;;;xx;1.7W;;;8V;5.8A;150;-55;SOT23-3;;;;;lib/empreinte/SOT-23.json;lib/symbole/nmos.json;lib/simulation/mosfet_n.sub
TRAN_MOS-SI2371EDS;General;P-Channel 30V (D-S) MOSFET- SOT23-3 - SMD - Reflow;Transistor;Q;3;1.12000;0.00000;P_MOS;Active;SI2371EDS-T1-BE3;VISHAY SILICONIX;Si2371EDS;xx;xx;xx;DMP2035U-7_DIODES INC;DMP2035U-7;DIODES INC;;;;;xx;xx;;;30V;;;;SOT23-3;;;;;lib/empreinte/SOT-23.json;lib/symbole/nmos.json;lib/simulation/mosfet_n.sub
TRAN_MOS-SI4463CDY-T1-GE3;General;P-MOS Transistor 18.6A 20V 6mR - SOIC-8 - SMD - Reflow;Transistor;Q;8;1.75000;0.00000;P_MOS;Active;SI4463CDY-T1-GE3;Vishay;SI4463CDY-T1-GE3;;;;;;;;;;;;;;;20V;18.6A;150;-55;SOIC-8;;;;;lib/empreinte/SOIC-8.json;lib/symbole/npn.json;lib/simulation/bjt_npn.sub
TRAN_MOS-Si2369DS;General;P-Channel, 7.6 A, -30 V, 0.024 ohm, -10 V - SPT23-3 - SMD - Reflow;Transistor;Q;3;1.12000;0.00000;P_MOS;Active;SI2369DS-T1-GE3;Vishay;SI2369DS-T1-GE3;xx;xx;xx;SI2305CDS-T1-GE3_Vishay;SI2305CDS-T1-GE3 ;;;;;;xx;2.5W;xx;xx;30V;xx;150;-55;SOT23-3;xx;xx;xx;xx;lib/empreinte/SOT-23.json;lib/symbole/pmos.json;lib/simulation/mosfet_p.sub
TRAN_MOS_DMC2400UV-13;General;MOSFET N & P Channel 20V 1.03A,700mA 900mV @ 250uA 480m @ 200mA,5V - SOT-563-6 - SMD ;Transistor;Q;6;0.60000;0.00000;N_P_MOS;Active;DMC2400UV-13;DIODES;DMC2400UV-13;xx;xx;xx;;;;;;;;xx;0.58W;xx;xx;20V;xx;xx;xx;SOT-563-6;;;;;;lib/symbole/nmos.json;lib/simulation/mosfet_n.sub
TRAN_NPN_BC847B_185;General;BC847 series - 45 V, 100 mA NPN - SOT23-3 - SMD;Transistor;Q;3;1.10000;0.00000;NPN;Active;BC847B;NEXPERIA;BC847B,185;xx;xx;xx;;;;;;;;xx;xx;xx;xx;50V;xx;xx;xx;SOT23;;;;;lib/empreinte/SOT-23.json;lib/symbole/npn.json;lib/simulation/bjt_npn.sub
TRAN_NPN_BC848C;General;BC848 series - 45 V, 100 mA NPN - SOT23-3 - SMD;Transistor;Q;3;1.10000;0.00000;NPN;Active;BC848C;DIODES;BC848C-7-F;xx;xx;xx;ON SEMICONDUCTOR ;;ON SEMICONDUCTOR ;;;;;xx;xx;xx;xx;30V;xx;xx;xx;SOT23;;;;;lib/empreinte/SOT-23.json;lib/symbole/npn.json;lib/simulation/bjt_npn.sub
TRAN_NPN_PMBT2222A_215;General;NPN Transistor 600mA 40V - SOT-23-3 - SMD;Transistor;Q;3;1.10000;0.00000;NPN;Active;PMBT2222A_215;NEXPERIA;PMBT2222A_215;;;;;;;;;;;;;;;;;;;SOT23;;;;;lib/empreinte/SOT-23.json;lib/symbole/npn.json;lib/simulation/bjt_npn.sub
TRAN_PNP_BC857C;General;BC857 series PNP - SOT23-3 - SMD;Transistor;Q;3;1.10000;0.00000;PNP;Passive;BC857C;NEXPERIA;BC857C;xx;xx;xx;;;;;;;;xx;250mW;xx;xx;30V;xx;xx;xx;SOT23;;;;;lib/empreinte/SOT-23.json;lib/symbole/pnp.json;lib/simulation/bjt_pnp.sub
TRAN_PNP_BC858C;General;BC858 series PNP - SOT23-3 - SMD;Transistor;Q;3;1.10000;0.00000;PNP;Passive;BC858C;DIODES;BC858C-7-F;xx;xx;xx;ON SEMICONDUCTOR;;ON SEMICONDUCTOR;;;;;xx;250mW;xx;xx;30V;xx;xx;xx;SOT23-3;;;;;lib/empreinte/SOT-23.json;lib/symbole/pnp.json;lib/simulation/bjt_pnp.sub
TRAN_PNP_BC858CW;General;BC858 series PNP - SOT23-3 - SMD;Transistor;Q;3;1.10000;0.00000;PNP;Passive;BC858CW;DIODES;BC858CW-7-F;xx;xx;xx;ON SEMICONDUCTOR;;ON SEMICONDUCTOR;;;;;xx;200mW;xx;xx;30V;xx;xx;xx;SOT32-3;;;;;;lib/symbole/pnp.json;lib/simulation/bjt_pnp.sub
TRANSFO_750317161;General;Power Transformers MID-UDS 8V SMT 58kHz 33.6V/.025A - SMD;Integrated Circuit;U;6;5.59000;0.00000;'750317161;Passive;'750317161;Wurth Elektronik;'750317161;;;;;;;;;;;;;;;500 Vac;;;;;;;;;;lib/symbole/ic.json;
TRANSFO_B78304B1016A003;General;Transformers for DC-DC Converters, Pulse Drive Transformers, E6.3, 4.3mH, TR=1:0.21:0.21/002 - SMD;Integrated Circuit;U;6;5.70000;0.00000;B78304B1016A003;Passive;B78304B1016A003;TDK;;;;;;;;;;;;;;;;500 Vac;;;;;;;;;;lib/symbole/ic.json;
TRANSFO_B78416A2360A003;General;Automotive Transformers for Ultrasonic Sensors, Op. Freq.=52kHz, 3mH, TR=1:1:8.42 - SMD;Integrated Circuit;U;6;7.10000;0.00000;B78416A2360A003;Passive;B78416A2360A003;TDK;;;;;;;;;;;;;;;;100 Vac;;;;;;;;;;lib/symbole/ic.json;
TS3A24157DGSR;General;IC SWITCH DUAL SPDT - MSOP-10 - SMD - Reflow;Switch;IC;10;1.10000;;;Active;TS3A24157DGSR;Texas Instruments;TS3A24157DGSR;;;;;;;;;;;;;;;;;;;;;;;;;lib/symbole/ic.json;
VAR_0603_3.3V_82536259;General;Varistors - 180pF@1MHz - 30A - 3.3VDC - 20% - 0.1J - CMS Type 0603 - Reflow;Varistor;V;2;0.95000;0.00000;3.3V;Passive;'82536259;Wurth;'82536259;xx;xx;xx;;;;;;;;+/-20%;xx;xx;xx;3.3V;30A;85;-40;603;;;;;;lib/symbole/ic.json;
VAR_0603_24V_PESD0603-240;General;Varistors - 0.25pF@1MHz - 30A -24VDC - CMS Type 0603 - Reflow;Varistor;V;2;0.55000;0.00000;24V;Passive;PESD0603-240;LITTELFUSE;PESD0603-240;xx;xx;xx;;;;;;;;xx;xx;xx;xx;24V;xx;125;-55;603;;;;;;lib/symbole/ic.json;
